"날짜","종가","시가","고가","저가","거래량","변동 %"
"2025- 08- 05","85,900.0","86,623.8","86,690.6","85,642.1","0.01K","-0.84%"
"2025- 08- 04","86,623.8","86,057.7","87,178.9","85,840.7","0.02K","0.65%"
"2025- 08- 03","86,061.3","84,851.1","86,500.0","84,457.3","0.04K","1.44%"
"2025- 08- 02","84,841.5","85,331.1","85,931.1","84,440.1","0.03K","-0.57%"
"2025- 08- 01","85,331.1","87,636.5","87,976.0","84,980.0","0.09K","-2.66%"
"2025- 07- 31","87,659.3","88,893.6","89,887.9","87,500.1","0.03K","-1.39%"
"2025- 07- 30","88,895.1","88,317.3","89,347.8","87,510.4","0.03K","0.62%"
"2025- 07- 29","88,344.1","88,366.2","89,400.0","87,705.0","0.03K","0.03%"
"2025- 07- 28","88,313.7","88,860.7","89,110.3","87,923.2","0.03K","-0.62%"
"2025- 07- 27","88,863.7","87,787.1","89,135.6","87,708.7","0.02K","1.23%"
"2025- 07- 26","87,781.6","87,551.0","88,054.0","87,305.3","0.01K","0.26%"
"2025- 07- 25","87,551.0","87,621.7","87,704.5","85,300.1","0.05K","-0.08%"
"2025- 07- 24","87,621.7","87,450.1","88,390.6","86,375.6","0.02K","0.20%"
"2025- 07- 23","87,450.0","88,748.9","88,837.5","85,915.0","0.04K","-1.47%"
"2025- 07- 22","88,751.2","87,056.4","88,850.0","86,169.5","0.04K","1.97%"
"2025- 07- 21","87,040.1","87,380.5","88,882.1","86,566.3","0.04K","-0.43%"
"2025- 07- 20","87,417.0","87,831.6","88,486.2","86,844.3","0.03K","-0.44%"
"2025- 07- 19","87,801.3","87,934.5","88,325.9","87,500.1","0.02K","-0.13%"
"2025- 07- 18","87,914.0","88,809.0","89,999.0","87,175.1","0.05K","-0.97%"
"2025- 07- 17","88,775.8","88,514.9","90,048.1","87,774.5","0.05K","0.29%"
"2025- 07- 16","88,518.4","87,958.2","89,436.5","87,500.0","0.04K","0.65%"
"2025- 07- 15","87,947.8","89,148.4","89,148.5","86,315.0","0.05K","-1.39%"
"2025- 07- 14","89,185.1","88,191.1","90,999.9","88,032.7","0.11K","1.12%"
"2025- 07- 13","88,200.1","86,747.8","88,240.0","86,550.2","0.06K","1.80%"
"2025- 07- 12","86,639.4","86,910.0","87,309.6","86,440.5","0.02K","-0.33%"
"2025- 07- 11","86,922.8","85,222.0","87,476.8","85,006.4","0.09K","2.00%"
"2025- 07- 10","85,222.0","81,850.1","85,826.2","81,432.7","0.08K","4.12%"
"2025- 07- 09","81,850.4","80,204.9","82,212.1","79,827.7","0.06K","2.06%"
"2025- 07- 08","80,197.1","79,497.8","80,488.0","78,950.1","0.03K","0.88%"
"2025- 07- 07","79,500.0","80,121.4","80,500.0","79,175.1","0.05K","-0.76%"
"2025- 07- 06","80,105.5","79,689.1","80,343.0","79,433.7","0.03K","0.52%"
"2025- 07- 05","79,688.1","79,246.8","79,950.0","79,143.5","0.13K","0.56%"
"2025- 07- 04","79,244.8","80,375.0","80,381.9","78,730.0","0.20K","-1.41%"
"2025- 07- 03","80,375.0","79,730.8","80,876.5","79,632.1","0.05K","0.81%"
"2025- 07- 02","79,728.6","76,948.3","80,441.9","76,579.4","0.06K","3.65%"
"2025- 07- 01","76,923.6","78,045.7","78,185.0","76,800.0","0.14K","-1.47%"
"2025- 06- 30","78,069.1","78,959.3","79,200.0","77,950.0","0.03K","-1.09%"
"2025- 06- 29","78,932.4","78,205.6","79,000.0","78,126.4","0.02K","0.95%"
"2025- 06- 28","78,191.0","78,038.7","78,343.6","77,887.5","0.01K","0.21%"
"2025- 06- 27","78,029.5","77,948.5","78,466.0","77,587.7","0.04K","0.11%"
"2025- 06- 26","77,945.0","78,444.6","78,912.1","77,700.1","0.04K","-0.57%"
"2025- 06- 25","78,390.1","77,964.1","79,422.8","77,775.0","0.07K","0.64%"
"2025- 06- 24","77,888.8","77,875.1","78,000.0","77,125.1","0.08K","0.00%"
"2025- 06- 23","77,890.4","75,182.4","78,291.4","74,050.0","0.15K","3.59%"
"2025- 06- 22","75,193.0","75,941.6","76,741.6","73,250.2","0.07K","-0.97%"
"2025- 06- 21","75,926.1","76,802.5","77,342.4","75,000.1","0.06K","-1.17%"
"2025- 06- 20","76,822.3","77,684.6","78,981.8","76,020.5","0.04K","-1.12%"
"2025- 06- 19","77,689.3","78,190.1","78,432.2","77,384.5","0.11K","-0.64%"
"2025- 06- 18","78,190.1","77,852.5","78,533.0","77,175.0","0.04K","0.48%"
"2025- 06- 17","77,818.0","78,702.1","79,315.1","76,761.1","0.03K","-1.09%"
"2025- 06- 16","78,675.1","77,878.7","80,200.0","77,500.1","0.05K","1.02%"
"2025- 06- 15","77,878.7","77,764.9","78,149.8","77,125.1","0.03K","0.15%"
"2025- 06- 14","77,764.9","78,177.0","78,327.4","76,975.0","0.05K","-0.58%"
"2025- 06- 13","78,215.6","77,650.1","78,263.9","75,900.1","0.08K","0.67%"
"2025- 06- 12","77,697.2","80,100.1","80,194.4","77,654.9","0.12K","-3.00%"
"2025- 06- 11","80,100.1","81,614.2","81,618.0","79,800.0","0.09K","-1.83%"
"2025- 06- 10","81,593.8","81,329.0","81,649.2","80,258.6","0.06K","0.33%"
"2025- 06- 09","81,329.0","78,183.3","81,498.1","77,796.4","0.06K","4.02%"
"2025- 06- 08","78,188.2","78,162.5","78,748.9","77,727.7","0.01K","0.03%"
"2025- 06- 07","78,162.5","77,180.8","78,354.7","76,887.1","0.04K","1.29%"
"2025- 06- 06","77,168.6","74,836.6","77,960.6","74,550.1","0.09K","3.12%"
"2025- 06- 05","74,836.6","77,330.9","78,000.0","74,000.0","0.09K","-3.22%"
"2025- 06- 04","77,325.3","77,946.3","78,360.0","77,002.0","0.04K","-0.79%"
"2025- 06- 03","77,942.2","78,069.5","79,039.7","77,684.0","0.07K","-0.19%"
"2025- 06- 02","78,088.8","78,549.5","78,549.5","76,627.3","0.05K","-0.57%"
"2025- 06- 01","78,536.4","77,873.2","78,678.2","77,259.0","0.03K","0.85%"
"2025- 05- 31","77,873.2","77,356.3","78,074.0","76,500.0","0.03K","0.71%"
"2025- 05- 30","77,323.7","78,204.4","78,927.5","77,119.1","0.06K","-1.20%"
"2025- 05- 29","78,266.1","80,291.6","80,895.8","78,163.7","0.04K","-2.47%"
"2025- 05- 28","80,251.4","80,658.7","80,993.2","79,373.6","0.04K","-0.50%"
"2025- 05- 27","80,658.7","80,699.5","81,750.0","79,242.8","0.04K","-0.04%"
"2025- 05- 26","80,689.2","80,550.0","81,400.0","80,331.8","0.03K","0.18%"
"2025- 05- 25","80,544.4","79,670.4","80,807.0","78,804.8","0.03K","1.09%"
"2025- 05- 24","79,674.7","79,225.8","80,846.0","79,000.0","0.02K","0.61%"
"2025- 05- 23","79,189.3","83,183.0","83,238.2","78,900.0","0.12K","-4.84%"
"2025- 05- 22","83,212.9","81,696.9","83,500.0","81,405.9","0.09K","1.86%"
"2025- 05- 21","81,696.3","79,699.8","82,500.0","79,082.8","0.10K","2.56%"
"2025- 05- 20","79,659.5","79,048.7","80,197.1","78,097.2","0.07K","0.78%"
"2025- 05- 19","79,039.8","79,950.6","80,401.2","76,400.1","0.07K","-1.22%"
"2025- 05- 18","80,013.9","77,719.4","80,050.0","77,694.3","0.06K","2.95%"
"2025- 05- 17","77,719.4","77,941.9","78,113.2","77,361.3","0.03K","-0.29%"
"2025- 05- 16","77,941.9","78,022.2","78,862.2","77,522.9","0.05K","-0.08%"
"2025- 05- 15","78,000.5","78,047.0","78,418.1","76,418.4","0.04K","-0.07%"
"2025- 05- 14","78,051.5","78,266.9","78,309.4","77,100.1","0.03K","-0.28%"
"2025- 05- 13","78,266.9","78,070.3","78,885.3","77,000.1","0.04K","0.25%"
"2025- 05- 12","78,070.3","78,378.2","79,999.9","76,550.0","0.06K","-0.39%"
"2025- 05- 11","78,378.2","78,685.8","78,799.8","77,730.0","0.04K","-0.39%"
"2025- 05- 10","78,685.8","77,398.1","78,750.0","77,316.0","0.03K","1.66%"
"2025- 05- 09","77,398.1","77,928.5","78,518.1","76,921.4","0.05K","-0.67%"
"2025- 05- 08","77,919.9","72,999.6","78,323.4","72,883.1","0.13K","6.74%"
"2025- 05- 07","72,999.3","72,562.3","73,210.4","71,978.8","0.04K","0.67%"
"2025- 05- 06","72,513.7","71,300.1","72,533.5","69,831.8","0.05K","1.69%"
"2025- 05- 05","71,311.3","71,068.9","71,623.3","70,350.0","0.05K","0.30%"
"2025- 05- 04","71,095.5","72,274.4","72,569.8","71,000.0","0.01K","-1.66%"
"2025- 05- 03","72,293.7","73,062.5","73,080.7","72,131.6","0.02K","-1.06%"
"2025- 05- 02","73,068.4","72,616.1","73,581.3","72,422.1","0.05K","0.62%"
"2025- 05- 01","72,616.1","70,721.2","73,331.8","70,706.0","0.07K","2.66%"
"2025- 04- 30","70,732.9","70,345.9","71,300.0","69,821.1","0.04K","0.52%"
"2025- 04- 29","70,365.8","70,757.9","71,247.1","70,001.7","0.06K","-0.49%"
"2025- 04- 28","70,711.9","70,560.4","71,747.7","69,750.0","0.04K","0.21%"
"2025- 04- 27","70,560.4","71,140.1","71,500.0","70,397.5","0.02K","-0.81%"
"2025- 04- 26","71,140.1","71,149.4","71,542.9","70,600.1","0.02K","-0.02%"
"2025- 04- 25","71,152.7","70,541.5","72,017.0","69,836.4","0.05K","0.93%"
"2025- 04- 24","70,500.0","70,649.7","70,728.9","68,889.9","0.04K","-0.22%"
"2025- 04- 23","70,654.5","70,467.2","70,999.9","69,265.9","0.10K","0.32%"
"2025- 04- 22","70,427.0","65,400.2","70,732.3","65,243.1","0.15K","7.69%"
"2025- 04- 21","65,400.1","64,003.2","65,975.0","63,891.3","0.07K","2.20%"
"2025- 04- 20","63,994.0","64,005.1","64,191.4","63,221.8","0.01K","-0.02%"
"2025- 04- 19","64,005.1","63,552.5","64,365.0","63,460.5","0.02K","0.69%"
"2025- 04- 18","63,563.6","64,055.6","64,119.0","63,450.2","0.03K","-0.72%"
"2025- 04- 17","64,027.2","63,500.4","64,462.8","63,160.8","0.03K","0.79%"
"2025- 04- 16","63,525.1","63,243.3","64,600.9","62,646.5","0.06K","0.41%"
"2025- 04- 15","63,267.1","64,238.7","65,383.3","63,200.1","0.04K","-1.45%"
"2025- 04- 14","64,196.5","64,023.6","65,214.2","63,502.1","0.04K","0.33%"
"2025- 04- 13","63,983.6","65,182.1","65,767.9","63,400.5","0.03K","-1.82%"
"2025- 04- 12","65,168.4","63,716.2","65,634.7","63,258.4","0.04K","2.28%"
"2025- 04- 11","63,715.8","61,267.1","64,423.9","60,668.9","0.08K","3.99%"
"2025- 04- 10","61,272.8","64,392.5","64,449.0","60,672.4","0.07K","-4.86%"
"2025- 04- 09","64,402.9","59,663.1","65,153.8","58,126.1","0.11K","8.01%"
"2025- 04- 08","59,624.9","62,132.9","63,198.4","59,612.7","0.08K","-4.17%"
"2025- 04- 07","62,219.7","60,379.3","63,193.2","56,704.5","0.16K","3.06%"
"2025- 04- 06","60,370.2","64,603.8","64,707.3","59,500.0","0.13K","-6.49%"
"2025- 04- 05","64,563.5","64,959.3","65,189.2","63,731.4","0.04K","-0.59%"
"2025- 04- 04","64,946.4","63,500.5","65,505.0","62,828.2","0.08K","2.28%"
"2025- 04- 03","63,500.5","63,290.1","64,288.3","61,756.1","0.05K","0.33%"
"2025- 04- 02","63,290.0","65,921.7","67,907.5","63,216.4","0.08K","-3.99%"
"2025- 04- 01","65,919.3","63,792.6","66,179.5","63,792.6","0.04K","3.13%"
"2025- 03- 31","63,917.7","63,696.4","64,945.5","62,800.1","0.06K","0.40%"
"2025- 03- 30","63,663.0","63,897.9","64,565.2","63,150.1","0.02K","-0.33%"
"2025- 03- 29","63,870.9","65,200.1","65,379.3","63,157.4","0.03K","-2.04%"
"2025- 03- 28","65,200.1","67,295.6","67,511.3","64,577.5","0.05K","-3.11%"
"2025- 03- 27","67,291.4","67,519.5","67,948.1","66,353.1","0.04K","-0.27%"
"2025- 03- 26","67,473.8","67,616.7","68,445.2","66,683.5","0.03K","-0.16%"
"2025- 03- 25","67,584.3","67,641.5","68,389.6","66,803.4","0.04K","-0.08%"
"2025- 03- 24","67,637.8","66,504.1","68,541.7","66,109.8","0.05K","1.71%"
"2025- 03- 23","66,503.4","63,887.5","66,503.4","63,887.5","0.04K","3.80%"
"2025- 03- 22","64,070.9","65,053.5","65,307.1","63,860.8","0.03K","-1.49%"
"2025- 03- 21","65,043.1","64,946.0","65,499.3","64,308.1","0.02K","0.20%"
"2025- 03- 20","64,911.7","66,737.2","67,132.7","64,500.3","0.05K","-2.74%"
"2025- 03- 19","66,737.2","63,608.9","66,890.7","63,529.1","0.07K","4.91%"
"2025- 03- 18","63,615.3","64,706.9","64,711.5","62,517.2","0.05K","-1.74%"
"2025- 03- 17","64,739.1","63,900.3","65,201.1","63,608.3","0.04K","1.34%"
"2025- 03- 16","63,885.6","65,247.1","65,700.4","63,460.0","0.03K","-2.09%"
"2025- 03- 15","65,247.1","64,956.7","65,443.0","64,664.7","0.02K","0.54%"
"2025- 03- 14","64,899.2","62,601.5","65,985.7","62,383.4","0.05K","3.68%"
"2025- 03- 13","62,594.9","64,562.1","65,000.0","61,798.2","0.04K","-3.06%"
"2025- 03- 12","64,571.4","64,082.4","65,099.9","62,350.0","0.05K","0.80%"
"2025- 03- 11","64,060.7","61,048.8","64,499.3","59,461.3","0.08K","5.06%"
"2025- 03- 10","60,975.1","62,466.7","65,008.0","60,199.3","0.13K","-2.21%"
"2025- 03- 09","62,350.1","66,791.1","66,978.1","61,950.1","0.07K","-6.58%"
"2025- 03- 08","66,740.4","67,173.5","67,249.9","66,000.1","0.03K","-0.63%"
"2025- 03- 07","67,163.1","69,841.1","70,763.9","65,821.0","0.08K","-3.83%"
"2025- 03- 06","69,838.8","70,321.2","71,916.1","68,250.0","0.07K","-0.70%"
"2025- 03- 05","70,333.0","68,216.8","70,891.4","67,595.6","0.07K","3.10%"
"2025- 03- 04","68,216.5","67,897.8","69,462.9","64,225.1","0.09K","0.52%"
"2025- 03- 03","67,865.4","74,855.0","75,020.0","67,010.1","0.10K","-9.36%"
"2025- 03- 02","74,874.8","68,430.0","75,715.0","67,750.0","0.13K","9.42%"
"2025- 03- 01","68,430.0","67,063.4","68,799.8","66,678.5","0.04K","1.96%"
"2025- 02- 28","67,117.5","67,188.1","67,602.8","62,130.7","0.17K","-0.11%"
"2025- 02- 27","67,190.9","66,377.1","68,638.6","65,597.4","0.07K","1.26%"
"2025- 02- 26","66,355.2","69,969.3","70,608.0","64,850.4","0.13K","-5.14%"
"2025- 02- 25","69,954.1","72,629.0","73,242.8","67,831.5","0.28K","-3.57%"
"2025- 02- 24","72,542.9","76,113.5","76,263.6","72,450.0","0.05K","-4.69%"
"2025- 02- 23","76,113.5","76,464.1","76,499.4","75,400.1","0.01K","-0.47%"
"2025- 02- 22","76,473.6","76,142.1","76,731.6","75,892.0","0.01K","0.49%"
"2025- 02- 21","76,102.5","77,583.3","78,598.1","75,093.0","0.05K","-1.90%"
"2025- 02- 20","77,579.9","76,769.1","77,925.7","76,586.5","0.04K","1.05%"
"2025- 02- 19","76,771.2","75,660.1","76,871.9","75,215.0","0.04K","1.53%"
"2025- 02- 18","75,613.2","75,909.7","76,672.6","74,101.1","0.07K","-0.39%"
"2025- 02- 17","75,910.8","76,446.8","77,082.0","75,404.2","0.03K","-0.74%"
"2025- 02- 16","76,475.1","77,555.8","77,656.1","76,421.3","0.01K","-1.41%"
"2025- 02- 15","77,572.3","77,468.0","77,845.7","77,309.2","0.01K","0.11%"
"2025- 02- 14","77,486.3","76,909.3","78,408.2","76,447.6","0.04K","0.75%"
"2025- 02- 13","76,909.3","78,606.9","78,724.4","76,108.8","0.02K","-2.18%"
"2025- 02- 12","78,623.8","76,968.3","78,849.9","76,001.0","0.03K","2.19%"
"2025- 02- 11","76,938.9","78,832.9","79,718.0","76,300.0","0.05K","-2.41%"
"2025- 02- 10","78,835.2","77,872.8","79,360.5","77,003.2","0.04K","1.21%"
"2025- 02- 09","77,892.9","77,841.7","78,484.0","76,525.0","0.03K","0.09%"
"2025- 02- 08","77,821.9","77,863.2","78,122.7","77,250.0","0.01K","-0.06%"
"2025- 02- 07","77,870.4","77,699.4","80,392.2","77,185.0","0.06K","0.26%"
"2025- 02- 06","77,670.7","77,309.0","80,107.0","76,981.6","0.04K","0.49%"
"2025- 02- 05","77,290.2","78,449.3","79,301.8","77,000.0","0.04K","-1.51%"
"2025- 02- 04","78,472.6","81,658.9","82,029.6","77,168.5","0.07K","-3.90%"
"2025- 02- 03","81,658.9","79,490.8","82,454.0","74,506.3","0.21K","2.72%"
"2025- 02- 02","79,493.3","81,178.9","81,821.0","78,163.8","0.07K","-2.00%"
"2025- 02- 01","81,114.3","82,589.3","82,853.9","81,000.0","0.02K","-1.79%"
"2025- 01- 31","82,593.3","84,211.9","85,199.9","81,860.9","0.03K","-1.92%"
"2025- 01- 30","84,211.2","83,213.2","85,179.0","82,915.1","0.06K","1.21%"
"2025- 01- 29","83,202.0","81,378.6","84,054.2","81,354.4","0.04K","2.21%"
"2025- 01- 28","81,399.9","81,921.3","83,350.4","80,472.5","0.10K","-0.64%"
"2025- 01- 27","81,921.3","82,323.2","82,877.7","78,491.7","0.11K","-0.58%"
"2025- 01- 26","82,399.0","83,876.4","84,372.8","82,306.1","0.03K","-1.79%"
"2025- 01- 25","83,900.0","83,987.5","84,269.5","83,438.2","0.03K","-0.12%"
"2025- 01- 24","84,001.1","84,147.0","85,793.2","83,029.2","0.05K","-0.14%"
"2025- 01- 23","84,121.2","84,156.5","86,666.0","82,206.5","0.08K","-0.01%"
"2025- 01- 22","84,129.3","85,981.5","86,036.1","83,905.1","0.05K","-2.15%"
"2025- 01- 21","85,977.5","82,883.7","86,863.8","81,462.7","0.08K","3.82%"
"2025- 01- 20","82,811.9","83,114.9","89,472.3","81,708.2","0.14K","-0.25%"
"2025- 01- 19","83,016.5","85,600.0","87,245.3","81,853.3","0.11K","-3.02%"
"2025- 01- 18","85,600.0","85,431.9","86,048.8","84,000.0","0.05K","0.20%"
"2025- 01- 17","85,431.9","81,688.6","86,863.8","81,680.2","0.20K","4.53%"
"2025- 01- 16","81,729.9","82,000.0","82,342.0","79,764.8","0.05K","-0.33%"
"2025- 01- 15","82,000.0","79,052.1","82,200.0","78,876.1","0.05K","3.74%"
"2025- 01- 14","79,042.2","77,283.3","79,878.8","77,201.4","0.05K","2.25%"
"2025- 01- 13","77,305.6","77,412.9","78,574.4","73,477.3","0.06K","-0.14%"
"2025- 01- 12","77,412.9","77,500.1","78,111.5","76,816.2","0.02K","-0.11%"
"2025- 01- 11","77,500.1","77,538.0","77,781.7","76,892.0","0.01K","-0.13%"
"2025- 01- 10","77,602.1","75,305.5","78,367.7","75,257.7","0.04K","3.08%"
"2025- 01- 09","75,281.1","76,960.1","77,168.5","74,149.7","0.10K","-2.22%"
"2025- 01- 08","76,987.3","77,759.8","77,962.3","75,154.7","0.05K","-0.95%"
"2025- 01- 07","77,722.7","81,750.0","82,065.9","77,070.0","0.06K","-4.93%"
"2025- 01- 06","81,749.9","79,167.9","81,895.3","78,761.8","0.08K","3.29%"
"2025- 01- 05","79,144.1","79,126.5","79,583.8","78,400.0","0.02K","0.03%"
"2025- 01- 04","79,116.7","78,999.9","79,499.0","78,600.0","0.03K","0.19%"
"2025- 01- 03","78,968.4","78,171.5","79,642.4","77,450.0","0.03K","1.02%"
"2025- 01- 02","78,171.5","75,345.1","78,888.0","75,242.9","0.05K","3.72%"
"2025- 01- 01","75,370.7","74,584.5","75,784.4","74,164.2","0.02K","1.05%"
"2024- 12- 31","74,584.5","73,807.9","76,672.5","73,217.0","0.04K","1.03%"
"2024- 12- 30","73,827.7","74,278.4","75,509.2","72,800.3","0.05K","-0.61%"
"2024- 12- 29","74,278.4","75,728.9","75,728.9","73,694.4","0.03K","-1.92%"
"2024- 12- 28","75,728.9","74,890.2","75,994.7","74,772.3","0.01K","1.13%"
"2024- 12- 27","74,880.1","76,409.9","77,776.6","74,327.0","0.04K","-2.01%"
"2024- 12- 26","76,417.9","79,227.4","79,575.9","75,941.6","0.03K","-3.49%"
"2024- 12- 25","79,182.6","78,667.9","79,321.3","77,800.2","0.02K","0.60%"
"2024- 12- 24","78,707.8","75,595.8","79,332.6","74,566.9","0.06K","4.12%"
"2024- 12- 23","75,595.8","75,715.7","76,890.4","73,789.0","0.07K","-0.20%"
"2024- 12- 22","75,748.9","77,465.6","77,562.2","75,072.1","0.03K","-2.16%"
"2024- 12- 21","77,422.3","77,859.9","79,273.5","76,818.6","0.03K","-0.56%"
"2024- 12- 20","77,858.8","77,967.9","78,585.4","73,689.5","0.12K","-0.20%"
"2024- 12- 19","78,011.5","79,666.9","81,505.2","76,400.2","0.11K","-2.21%"
"2024- 12- 18","79,776.7","83,441.3","83,692.9","79,557.0","0.08K","-4.39%"
"2024- 12- 17","83,438.9","83,560.6","85,200.2","82,752.0","0.08K","-0.12%"
"2024- 12- 16","83,542.1","82,552.6","84,809.7","81,685.1","0.14K","1.29%"
"2024- 12- 15","82,480.2","80,314.7","83,013.0","80,205.7","0.06K","2.70%"
"2024- 12- 14","80,312.2","80,307.5","81,169.0","79,737.4","0.03K","0.00%"
"2024- 12- 13","80,315.4","78,871.7","80,700.0","78,298.6","0.04K","1.83%"
"2024- 12- 12","78,871.7","79,242.6","80,641.4","78,331.1","0.07K","-0.47%"
"2024- 12- 11","79,243.7","75,666.1","79,899.0","74,905.6","0.08K","4.73%"
"2024- 12- 10","75,666.7","76,422.5","77,093.4","74,074.0","0.06K","-1.08%"
"2024- 12- 09","76,489.6","79,268.9","79,343.6","73,974.2","0.09K","-3.53%"
"2024- 12- 08","79,286.8","78,343.2","79,433.7","77,451.5","0.03K","1.20%"
"2024- 12- 07","78,346.2","78,291.1","78,788.0","77,699.8","0.03K","0.07%"
"2024- 12- 06","78,291.1","76,129.9","80,000.0","75,711.3","0.06K","2.83%"
"2024- 12- 05","76,139.0","77,656.3","81,504.0","72,366.3","0.31K","-1.94%"
"2024- 12- 04","77,644.2","75,659.2","77,996.6","74,500.0","0.08K","2.58%"
"2024- 12- 03","75,689.6","75,634.8","76,069.9","73,818.8","0.05K","0.05%"
"2024- 12- 02","75,653.1","76,003.0","77,064.1","74,638.5","0.07K","-0.46%"
"2024- 12- 01","76,003.0","75,489.3","76,586.0","75,000.0","0.03K","0.70%"
"2024- 11- 30","75,475.9","76,405.7","76,405.7","75,172.2","0.02K","-1.18%"
"2024- 11- 29","76,376.3","75,264.3","77,692.4","75,065.9","0.05K","1.48%"
"2024- 11- 28","75,265.6","75,681.5","76,230.0","74,436.7","0.03K","-0.55%"
"2024- 11- 27","75,680.7","73,095.8","76,803.5","72,970.1","0.09K","3.55%"
"2024- 11- 26","73,086.9","74,079.5","75,725.1","72,313.4","0.12K","-1.49%"
"2024- 11- 25","74,190.8","77,521.0","78,600.0","73,711.4","0.08K","-4.28%"
"2024- 11- 24","77,512.1","77,267.7","77,780.3","75,000.0","0.05K","0.33%"
"2024- 11- 23","77,256.9","78,525.0","78,525.0","76,830.0","0.07K","-1.61%"
"2024- 11- 22","78,524.8","77,456.6","79,184.1","77,282.5","0.12K","1.21%"
"2024- 11- 21","77,587.6","74,524.5","78,292.7","74,371.4","0.23K","4.24%"
"2024- 11- 20","74,432.3","72,796.1","74,929.7","72,200.0","0.10K","2.34%"
"2024- 11- 19","72,730.8","71,409.8","74,057.9","71,313.5","0.12K","1.85%"
"2024- 11- 18","71,409.8","71,019.1","73,166.1","70,811.0","0.09K","0.55%"
"2024- 11- 17","71,019.1","71,500.4","71,969.4","69,910.8","0.04K","-0.64%"
"2024- 11- 16","71,478.4","72,000.0","72,565.0","71,113.4","0.04K","-0.72%"
"2024- 11- 15","72,000.0","68,912.1","72,804.6","68,551.9","0.08K","4.48%"
"2024- 11- 14","68,912.1","71,105.9","72,377.0","68,505.0","0.11K","-3.10%"
"2024- 11- 13","71,120.0","68,977.6","73,166.2","67,555.0","0.22K","3.08%"
"2024- 11- 12","68,993.2","68,756.1","70,482.5","65,716.5","0.22K","0.32%"
"2024- 11- 11","68,775.5","62,205.6","69,261.6","62,147.3","0.20K","10.56%"
"2024- 11- 10","62,208.0","59,409.2","62,940.6","59,291.1","0.14K","4.62%"
"2024- 11- 09","59,458.1","59,257.2","59,581.7","58,700.1","0.03K","0.33%"
"2024- 11- 08","59,260.1","58,451.3","59,839.8","58,339.0","0.08K","1.38%"
"2024- 11- 07","58,451.4","58,693.2","59,213.2","57,450.0","0.09K","-0.41%"
"2024- 11- 06","58,693.1","53,218.6","59,278.4","53,177.0","0.21K","10.27%"
"2024- 11- 05","53,228.7","52,359.2","54,199.9","52,099.5","0.10K","1.65%"
"2024- 11- 04","52,366.9","53,091.9","53,466.0","51,495.7","0.05K","-1.36%"
"2024- 11- 03","53,088.8","53,717.3","53,756.1","52,347.5","0.05K","-1.17%"
"2024- 11- 02","53,717.3","53,785.5","54,076.0","53,513.0","0.02K","-0.14%"
"2024- 11- 01","53,792.2","54,444.5","55,160.5","53,200.0","0.05K","-1.20%"
"2024- 10- 31","54,445.5","55,813.8","56,000.0","53,978.7","0.07K","-2.45%"
"2024- 10- 30","55,814.3","55,415.5","56,197.8","54,961.8","0.10K","0.72%"
"2024- 10- 29","55,415.5","53,813.1","56,300.0","53,696.3","0.14K","2.98%"
"2024- 10- 28","53,813.1","52,426.5","54,070.3","52,169.5","0.12K","2.64%"
"2024- 10- 27","52,426.5","51,715.1","52,599.9","51,598.3","0.08K","1.38%"
"2024- 10- 26","51,715.1","51,396.9","51,925.2","51,266.6","0.06K","0.50%"
"2024- 10- 25","51,457.3","52,550.9","52,869.7","50,673.9","0.09K","-2.08%"
"2024- 10- 24","52,550.8","51,571.9","52,992.9","51,461.4","0.09K","1.80%"
"2024- 10- 23","51,620.8","51,924.0","51,925.8","50,504.1","0.06K","-0.55%"
"2024- 10- 22","51,907.2","51,871.5","52,177.2","51,292.6","0.04K","0.07%"
"2024- 10- 21","51,871.5","52,845.9","53,155.0","51,452.2","0.09K","-1.85%"
"2024- 10- 20","52,846.8","52,329.8","53,122.4","52,159.2","0.05K","0.99%"
"2024- 10- 19","52,329.8","52,414.6","52,617.6","52,158.8","0.03K","-0.16%"
"2024- 10- 18","52,414.6","51,814.8","52,864.0","51,650.0","0.09K","1.16%"
"2024- 10- 17","51,814.8","52,022.5","52,244.9","51,262.7","0.06K","-0.41%"
"2024- 10- 16","52,028.9","51,271.1","52,375.0","51,076.4","0.08K","1.50%"
"2024- 10- 15","51,258.7","50,530.2","51,495.4","49,300.1","0.15K","1.43%"
"2024- 10- 14","50,537.2","48,163.9","50,904.9","47,838.0","0.18K","4.90%"
"2024- 10- 13","48,175.4","48,275.6","48,329.8","47,387.8","0.05K","-0.18%"
"2024- 10- 12","48,263.4","47,839.1","48,470.1","47,807.1","0.02K","1.00%"
"2024- 10- 11","47,784.6","46,168.8","48,486.1","46,028.9","0.06K","3.50%"
"2024- 10- 10","46,168.0","46,380.4","46,900.6","45,171.4","0.04K","-0.46%"
"2024- 10- 09","46,381.2","47,457.5","47,763.3","46,150.0","0.04K","-2.27%"
"2024- 10- 08","47,457.5","47,541.5","48,220.1","47,242.9","0.03K","-0.19%"
"2024- 10- 07","47,547.6","47,858.6","49,244.7","47,500.1","0.13K","-0.66%"
"2024- 10- 06","47,861.3","47,265.8","47,916.1","47,100.1","0.02K","1.26%"
"2024- 10- 05","47,265.8","47,315.8","47,498.5","46,999.4","0.02K","-0.10%"
"2024- 10- 04","47,312.7","46,274.8","47,625.4","46,068.5","0.04K","2.25%"
"2024- 10- 03","46,272.2","45,735.5","46,636.2","45,649.5","0.04K","1.17%"
"2024- 10- 02","45,735.5","45,803.6","46,950.0","45,234.5","0.07K","-0.23%"
"2024- 10- 01","45,840.8","47,327.8","48,064.1","45,312.6","0.10K","-3.19%"
"2024- 09- 30","47,351.8","49,039.2","49,039.2","47,018.2","0.07K","-3.47%"
"2024- 09- 29","49,054.3","49,291.8","49,414.3","48,999.1","0.02K","-0.50%"
"2024- 09- 28","49,301.3","49,213.1","49,547.3","49,000.1","0.02K","0.17%"
"2024- 09- 27","49,219.4","48,596.0","49,578.1","48,437.9","0.06K","1.28%"
"2024- 09- 26","48,596.0","47,433.7","49,042.5","47,059.0","0.07K","2.45%"
"2024- 09- 25","47,433.7","47,884.9","48,224.1","47,244.5","0.03K","-0.95%"
"2024- 09- 24","47,886.4","47,450.0","48,149.9","46,878.8","0.05K","0.92%"
"2024- 09- 23","47,448.9","47,814.5","48,542.0","47,100.0","0.06K","-0.76%"
"2024- 09- 22","47,814.5","47,608.5","48,000.0","46,910.1","0.03K","0.45%"
"2024- 09- 21","47,601.1","47,460.4","47,700.0","47,152.5","0.03K","0.31%"
"2024- 09- 20","47,453.4","47,371.4","48,200.0","46,873.1","0.06K","0.17%"
"2024- 09- 19","47,371.4","46,806.8","48,068.7","46,670.1","0.11K","1.23%"
"2024- 09- 18","46,795.4","45,797.4","46,795.4","44,847.5","0.06K","2.18%"
"2024- 09- 17","45,797.4","44,063.2","46,549.1","43,694.8","0.06K","3.94%"
"2024- 09- 16","44,063.1","45,034.9","45,075.5","43,580.7","0.05K","-2.23%"
"2024- 09- 15","45,069.9","45,759.6","46,050.4","44,721.0","0.06K","-1.50%"
"2024- 09- 14","45,755.8","46,151.1","46,198.0","45,338.2","0.02K","-0.86%"
"2024- 09- 13","46,151.1","44,306.5","46,200.0","43,917.8","0.09K","4.16%"
"2024- 09- 12","44,306.5","44,000.1","44,820.4","43,950.0","0.03K","0.70%"
"2024- 09- 11","44,000.0","44,066.4","44,431.9","42,701.3","0.07K","-0.15%"
"2024- 09- 10","44,067.8","43,655.4","44,335.6","43,153.4","0.07K","0.92%"
"2024- 09- 09","43,665.0","41,807.6","44,344.6","41,653.6","0.05K","4.44%"
"2024- 09- 08","41,807.6","41,343.8","42,084.0","40,961.4","0.05K","1.08%"
"2024- 09- 07","41,360.3","41,147.6","41,844.1","41,009.5","0.02K","0.52%"
"2024- 09- 06","41,147.6","42,617.3","43,198.5","40,106.1","0.10K","-3.45%"
"2024- 09- 05","42,619.1","44,115.6","44,337.7","42,250.1","0.08K","-3.39%"
"2024- 09- 04","44,113.9","43,839.5","44,526.9","42,500.1","0.12K","0.68%"
"2024- 09- 03","43,817.9","44,991.7","45,431.0","43,817.9","0.08K","-2.61%"
"2024- 09- 02","44,991.7","43,664.1","45,210.9","43,540.0","0.05K","3.04%"
"2024- 09- 01","43,664.1","44,928.1","44,999.1","43,600.1","0.04K","-2.82%"
"2024- 08- 31","44,930.6","45,037.9","45,226.8","44,788.0","0.03K","-0.23%"
"2024- 08- 30","45,035.6","45,096.8","45,499.9","44,044.1","0.10K","-0.14%"
"2024- 08- 29","45,096.8","44,777.4","46,461.1","44,635.0","0.09K","0.73%"
"2024- 08- 28","44,772.1","44,866.1","45,598.5","43,939.4","0.09K","-0.29%"
"2024- 08- 27","44,901.5","47,657.5","47,888.0","43,817.9","0.10K","-5.78%"
"2024- 08- 26","47,657.5","48,661.3","48,798.3","47,657.5","0.08K","-2.11%"
"2024- 08- 25","48,686.0","48,556.2","49,250.0","48,284.0","0.01K","0.36%"
"2024- 08- 24","48,510.5","48,458.4","48,778.6","48,138.3","0.03K","0.08%"
"2024- 08- 23","48,472.0","46,115.5","49,124.3","46,115.5","0.09K","5.14%"
"2024- 08- 22","46,101.2","46,722.9","46,836.1","45,719.3","0.06K","-1.32%"
"2024- 08- 21","46,718.6","45,284.5","47,225.0","45,140.2","0.11K","3.16%"
"2024- 08- 20","45,288.2","45,775.8","47,293.0","44,982.7","0.07K","-1.09%"
"2024- 08- 19","45,787.1","45,150.2","45,866.4","44,622.1","0.09K","1.37%"
"2024- 08- 18","45,170.4","45,966.3","46,567.2","45,155.8","0.02K","-1.73%"
"2024- 08- 17","45,966.3","45,512.6","46,115.2","45,474.8","0.01K","1.01%"
"2024- 08- 16","45,507.4","44,773.2","46,234.2","44,475.7","0.08K","1.65%"
"2024- 08- 15","44,770.7","45,770.1","46,503.7","43,739.5","0.06K","-2.21%"
"2024- 08- 14","45,781.7","47,113.2","48,000.0","45,568.6","0.09K","-2.84%"
"2024- 08- 13","47,121.6","46,498.5","47,878.1","45,734.1","0.09K","1.34%"
"2024- 08- 12","46,498.1","46,090.5","47,499.8","45,228.2","0.10K","0.88%"
"2024- 08- 11","46,090.5","47,793.2","48,446.7","45,750.0","0.05K","-3.56%"
"2024- 08- 10","47,793.2","47,717.4","48,171.8","47,314.5","0.01K","0.15%"
"2024- 08- 09","47,721.6","48,415.6","48,415.6","46,618.6","0.04K","-1.46%"
"2024- 08- 08","48,428.9","43,491.0","49,200.0","43,231.3","0.06K","11.56%"
"2024- 08- 07","43,411.3","44,216.5","45,465.7","43,050.7","0.13K","-1.86%"
"2024- 08- 06","44,233.2","42,308.2","44,975.2","42,296.5","0.09K","4.69%"
"2024- 08- 05","42,252.3","45,487.9","45,602.5","38,610.1","0.26K","-7.06%"
"2024- 08- 04","45,462.8","47,531.2","47,774.7","44,482.7","0.19K","-4.35%"
"2024- 08- 03","47,531.2","47,954.5","48,621.1","46,880.0","0.04K","-0.97%"
"2024- 08- 02","47,996.5","51,298.3","51,505.2","47,835.5","0.09K","-6.47%"
"2024- 08- 01","51,315.7","50,300.1","51,485.7","48,869.0","0.08K","2.02%"
"2024- 07- 31","50,300.1","51,532.4","52,037.5","50,187.6","0.10K","-2.41%"
"2024- 07- 30","51,544.2","51,970.9","52,104.7","50,930.1","0.12K","-0.82%"
"2024- 07- 29","51,970.9","53,047.0","54,500.0","51,728.0","0.08K","-2.03%"
"2024- 07- 28","53,047.0","52,769.2","53,062.9","52,158.8","0.02K","0.61%"
"2024- 07- 27","52,726.8","52,764.8","53,888.0","51,911.8","0.05K","-0.07%"
"2024- 07- 26","52,764.2","51,174.0","52,980.5","51,138.6","0.08K","3.12%"
"2024- 07- 25","51,170.2","50,665.1","51,401.1","49,194.9","0.07K","0.97%"
"2024- 07- 24","50,678.0","51,087.5","51,875.4","50,475.6","0.07K","-0.77%"
"2024- 07- 23","51,070.7","52,233.6","52,342.5","50,700.0","0.13K","-2.22%"
"2024- 07- 22","52,232.1","52,675.0","52,917.3","51,566.2","0.07K","-0.84%"
"2024- 07- 21","52,675.0","52,039.2","52,867.9","51,002.5","0.03K","1.22%"
"2024- 07- 20","52,039.3","51,667.3","52,347.4","51,400.0","0.02K","0.70%"
"2024- 07- 19","51,676.9","49,420.1","52,218.9","48,965.5","0.07K","4.57%"
"2024- 07- 18","49,420.1","49,276.6","50,127.9","48,827.6","0.07K","0.29%"
"2024- 07- 17","49,276.6","50,167.5","50,948.4","49,155.3","0.05K","-1.77%"
"2024- 07- 16","50,163.0","49,990.1","50,372.1","48,200.0","0.08K","0.35%"
"2024- 07- 15","49,988.2","46,913.7","50,035.0","46,850.3","0.08K","6.57%"
"2024- 07- 14","46,904.8","45,643.2","47,267.3","45,643.2","0.03K","2.73%"
"2024- 07- 13","45,658.3","44,624.0","46,100.0","44,539.3","0.02K","2.34%"
"2024- 07- 12","44,612.4","44,378.3","45,076.4","43,860.2","0.07K","0.51%"
"2024- 07- 11","44,387.5","44,916.1","46,093.8","44,301.0","0.08K","-1.25%"
"2024- 07- 10","44,950.0","45,395.0","46,424.7","44,511.2","0.07K","-0.93%"
"2024- 07- 09","45,371.4","44,231.6","45,543.9","43,939.4","0.08K","2.55%"
"2024- 07- 08","44,241.9","43,633.0","45,390.3","42,434.3","0.08K","1.40%"
"2024- 07- 07","43,631.8","45,508.5","45,599.3","43,557.9","0.02K","-4.22%"
"2024- 07- 06","45,554.7","44,257.7","45,670.2","43,781.1","0.02K","2.93%"
"2024- 07- 05","44,257.8","44,725.7","45,026.4","42,050.0","0.13K","-0.90%"
"2024- 07- 04","44,659.1","47,192.1","47,363.1","44,532.1","0.10K","-5.37%"
"2024- 07- 03","47,195.4","48,893.9","48,997.6","46,594.6","0.07K","-3.45%"
"2024- 07- 02","48,883.4","49,674.1","49,958.8","48,719.5","0.07K","-1.63%"
"2024- 07- 01","49,691.3","49,583.4","50,441.2","49,286.8","0.08K","0.22%"
"2024- 06- 30","49,583.4","48,190.4","49,744.2","48,002.5","0.01K","2.88%"
"2024- 06- 29","48,195.5","47,727.3","48,379.8","47,719.3","0.02K","0.98%"
"2024- 06- 28","47,726.8","48,730.4","49,194.8","47,448.7","0.05K","-2.08%"
"2024- 06- 27","48,740.2","48,198.1","49,245.2","47,909.8","0.06K","1.14%"
"2024- 06- 26","48,192.8","48,731.6","49,194.9","48,130.1","0.06K","-1.11%"
"2024- 06- 25","48,731.6","47,510.9","49,108.9","47,500.1","0.07K","2.57%"
"2024- 06- 24","47,510.9","50,001.1","50,097.2","46,157.4","0.15K","-4.98%"
"2024- 06- 23","50,001.1","50,814.9","51,020.7","50,001.1","0.03K","-1.60%"
"2024- 06- 22","50,814.8","50,714.1","51,010.9","50,552.4","0.01K","0.23%"
"2024- 06- 21","50,700.6","51,216.2","51,332.7","50,143.1","0.07K","-0.98%"
"2024- 06- 20","51,200.1","51,060.3","52,343.2","50,967.5","0.05K","0.25%"
"2024- 06- 19","51,074.4","51,282.3","51,667.2","50,841.6","0.05K","-0.37%"
"2024- 06- 18","51,262.5","52,291.8","52,350.7","50,441.8","0.05K","-1.98%"
"2024- 06- 17","52,298.9","52,555.6","52,908.1","51,347.5","0.03K","-0.49%"
"2024- 06- 16","52,555.6","52,185.7","52,728.0","52,050.1","0.02K","0.71%"
"2024- 06- 15","52,185.6","52,053.6","52,343.4","51,927.8","0.01K","0.23%"
"2024- 06- 14","52,067.0","52,340.0","53,174.7","51,308.6","0.08K","-0.51%"
"2024- 06- 13","52,331.9","53,350.3","53,422.1","51,989.3","0.05K","-1.91%"
"2024- 06- 12","53,350.3","52,894.2","54,494.3","52,530.4","0.07K","0.86%"
"2024- 06- 11","52,894.3","54,584.9","54,648.3","52,013.2","0.09K","-3.10%"
"2024- 06- 10","54,584.9","54,750.5","55,091.3","54,431.7","0.08K","-0.30%"
"2024- 06- 09","54,750.5","54,556.1","54,964.8","54,465.8","0.02K","0.36%"
"2024- 06- 08","54,556.0","54,538.6","54,716.3","54,432.2","0.01K","0.03%"
"2024- 06- 07","54,538.7","55,324.1","56,289.1","53,859.3","0.07K","-1.41%"
"2024- 06- 06","55,318.4","55,575.2","56,000.0","54,844.5","0.04K","-0.43%"
"2024- 06- 05","55,555.1","55,220.4","56,181.2","54,800.0","0.09K","0.58%"
"2024- 06- 04","55,234.2","53,721.7","55,549.9","53,601.3","0.06K","2.82%"
"2024- 06- 03","53,721.8","53,162.9","55,140.0","53,042.0","0.09K","1.05%"
"2024- 06- 02","53,162.9","53,126.3","53,637.8","52,816.7","0.01K","0.07%"
"2024- 06- 01","53,126.3","52,993.9","53,198.3","52,872.1","0.01K","0.25%"
"2024- 05- 31","52,993.9","53,695.6","54,200.0","52,346.9","0.04K","-1.31%"
"2024- 05- 30","53,698.8","53,203.7","54,500.0","52,821.0","0.03K","0.90%"
"2024- 05- 29","53,217.9","53,562.0","53,977.9","52,800.1","0.04K","-0.60%"
"2024- 05- 28","53,540.7","54,325.2","54,325.2","52,722.6","0.06K","-1.44%"
"2024- 05- 27","54,325.2","53,761.2","55,224.9","53,500.1","0.05K","1.00%"
"2024- 05- 26","53,788.1","54,396.4","54,528.4","53,570.8","0.02K","-1.08%"
"2024- 05- 25","54,377.9","53,825.6","54,625.0","53,804.9","0.02K","1.05%"
"2024- 05- 24","53,810.3","53,513.8","54,357.1","52,499.9","0.05K","0.58%"
"2024- 05- 23","53,500.0","54,313.0","54,950.8","52,222.1","0.07K","-1.48%"
"2024- 05- 22","54,301.9","55,149.0","55,393.8","54,200.1","0.11K","-1.53%"
"2024- 05- 21","55,143.5","56,159.0","56,500.0","54,361.8","0.13K","-1.79%"
"2024- 05- 20","56,148.7","52,128.3","56,159.0","52,000.1","0.11K","7.69%"
"2024- 05- 19","52,138.6","52,687.8","53,250.0","51,901.1","0.03K","-1.05%"
"2024- 05- 18","52,690.9","52,764.9","53,015.3","52,467.8","0.02K","-0.14%"
"2024- 05- 17","52,764.8","51,454.1","53,092.0","51,452.9","0.08K","2.59%"
"2024- 05- 16","51,434.0","52,185.0","52,600.0","50,953.8","0.07K","-1.42%"
"2024- 05- 15","52,175.7","48,902.4","52,382.6","48,726.6","0.11K","6.70%"
"2024- 05- 14","48,900.8","50,105.0","50,210.0","48,565.4","0.06K","-2.36%"
"2024- 05- 13","50,082.7","49,106.1","50,486.1","48,528.0","0.07K","1.99%"
"2024- 05- 12","49,104.1","48,633.3","49,395.2","48,480.1","0.01K","0.97%"
"2024- 05- 11","48,630.0","48,585.9","49,150.4","48,385.5","0.02K","0.12%"
"2024- 05- 10","48,573.1","50,364.8","50,638.4","48,097.5","0.06K","-3.53%"
"2024- 05- 09","50,348.5","48,970.4","50,623.2","48,644.2","0.07K","2.81%"
"2024- 05- 08","48,970.5","49,857.9","50,395.3","48,728.7","0.06K","-1.78%"
"2024- 05- 07","49,857.9","50,300.1","51,292.4","49,811.7","0.05K","-0.88%"
"2024- 05- 06","50,300.1","51,066.2","52,057.7","49,964.0","0.05K","-1.46%"
"2024- 05- 05","51,047.2","50,941.3","51,452.1","50,159.3","0.02K","0.21%"
"2024- 05- 04","50,941.3","50,166.4","51,357.0","49,920.7","0.07K","1.59%"
"2024- 05- 03","50,145.9","47,155.9","50,511.1","46,917.6","0.08K","6.25%"
"2024- 05- 02","47,197.0","46,482.3","47,550.5","45,470.1","0.11K","1.60%"
"2024- 05- 01","46,455.4","48,526.8","48,664.5","45,265.9","0.21K","-4.24%"
"2024- 04- 30","48,514.8","50,839.2","51,499.9","47,301.3","0.16K","-4.57%"
"2024- 04- 29","50,839.4","50,456.0","51,000.0","49,364.1","0.07K","0.76%"
"2024- 04- 28","50,456.0","50,725.3","51,358.1","50,250.0","0.02K","-0.53%"
"2024- 04- 27","50,725.3","51,046.0","51,059.5","50,000.1","0.03K","-0.63%"
"2024- 04- 26","51,046.0","51,559.5","51,795.0","50,780.1","0.05K","-1.00%"
"2024- 04- 25","51,563.8","51,582.8","52,135.5","50,299.9","0.07K","-0.09%"
"2024- 04- 24","51,609.4","53,339.8","53,851.8","50,593.3","0.06K","-3.25%"
"2024- 04- 23","53,344.0","54,136.1","54,371.1","53,069.0","0.04K","-1.46%"
"2024- 04- 22","54,136.1","52,491.0","54,444.0","52,135.6","0.06K","3.16%"
"2024- 04- 21","52,476.2","52,594.3","53,130.6","51,986.5","0.03K","-0.22%"
"2024- 04- 20","52,591.0","51,651.3","52,925.6","51,139.8","0.03K","1.87%"
"2024- 04- 19","51,623.9","51,108.9","52,610.7","48,191.9","0.09K","1.02%"
"2024- 04- 18","51,104.5","49,237.7","51,516.8","48,781.0","0.07K","3.79%"
"2024- 04- 17","49,237.7","51,375.9","51,909.0","48,144.5","0.13K","-4.18%"
"2024- 04- 16","51,386.9","51,000.1","51,787.6","49,600.0","0.08K","0.76%"
"2024- 04- 15","51,000.1","53,010.2","53,599.2","50,203.1","0.08K","-3.76%"
"2024- 04- 14","52,993.1","52,273.7","53,152.3","50,998.9","0.09K","1.62%"
"2024- 04- 13","52,146.5","54,100.1","54,795.9","49,437.4","0.13K","-3.61%"
"2024- 04- 12","54,100.0","55,781.1","56,877.6","52,441.0","0.15K","-3.01%"
"2024- 04- 11","55,780.1","56,332.8","56,774.7","55,510.0","0.06K","-0.88%"
"2024- 04- 10","56,273.5","54,532.7","56,699.9","53,550.0","0.09K","3.18%"
"2024- 04- 09","54,539.4","56,573.3","56,640.5","53,882.1","0.08K","-3.60%"
"2024- 04- 08","56,573.3","54,915.8","57,578.5","54,716.0","0.14K","3.02%"
"2024- 04- 07","54,915.7","54,466.8","55,499.9","54,417.0","0.04K","0.84%"
"2024- 04- 06","54,460.3","53,665.3","55,050.0","53,413.2","0.04K","1.50%"
"2024- 04- 05","53,657.8","54,220.3","54,349.8","52,410.5","0.07K","-1.04%"
"2024- 04- 04","54,220.3","52,208.4","54,788.4","51,501.1","0.09K","3.85%"
"2024- 04- 03","52,208.4","52,064.4","53,062.2","51,362.1","0.06K","0.28%"
"2024- 04- 02","52,064.4","55,536.5","55,542.0","51,413.7","0.13K","-6.25%"
"2024- 04- 01","55,536.5","56,420.8","56,420.8","54,250.0","0.07K","-1.57%"
"2024- 03- 31","56,420.8","55,170.6","56,429.9","55,138.0","0.06K","2.27%"
"2024- 03- 30","55,170.6","55,349.1","55,694.0","55,138.0","0.03K","-0.31%"
"2024- 03- 29","55,341.6","56,077.0","56,161.4","54,700.0","0.05K","-1.24%"
"2024- 03- 28","56,035.5","55,032.7","56,601.5","54,587.1","0.09K","1.79%"
"2024- 03- 27","55,052.4","55,394.9","56,852.4","54,134.1","0.10K","-0.59%"
"2024- 03- 26","55,379.3","55,313.5","56,460.0","54,802.6","0.10K","0.09%"
"2024- 03- 25","55,327.5","53,359.4","56,250.0","52,683.8","0.13K","3.68%"
"2024- 03- 24","53,364.3","50,830.1","53,647.3","50,700.0","0.05K","4.86%"
"2024- 03- 23","50,890.8","50,663.9","52,409.1","50,104.6","0.04K","0.45%"
"2024- 03- 22","50,663.9","51,744.4","52,758.1","49,550.0","0.08K","-2.09%"
"2024- 03- 21","51,747.7","53,069.7","53,331.3","51,089.7","0.15K","-2.51%"
"2024- 03- 20","53,077.5","48,680.3","53,271.4","47,822.9","0.11K","8.85%"
"2024- 03- 19","48,761.4","53,072.9","53,467.0","48,380.0","0.19K","-8.11%"
"2024- 03- 18","53,065.2","53,687.2","54,044.0","52,275.2","0.06K","-1.16%"
"2024- 03- 17","53,687.2","51,241.7","53,996.4","50,691.0","0.11K","4.77%"
"2024- 03- 16","51,241.7","54,550.5","54,963.8","50,845.8","0.12K","-5.91%"
"2024- 03- 15","54,463.0","55,988.0","56,800.0","51,579.1","0.30K","-2.77%"
"2024- 03- 14","56,013.3","57,086.3","57,594.2","53,700.7","0.17K","-1.88%"
"2024- 03- 13","57,086.3","55,836.5","57,559.2","55,787.0","0.13K","2.19%"
"2024- 03- 12","55,861.2","56,217.7","57,177.4","53,716.0","0.14K","-0.63%"
"2024- 03- 11","56,217.7","53,655.7","56,800.0","52,316.7","0.22K","4.77%"
"2024- 03- 10","53,655.7","53,223.8","54,374.0","53,065.6","0.09K","0.81%"
"2024- 03- 09","53,226.0","53,100.3","53,403.4","52,916.4","0.04K","0.24%"
"2024- 03- 08","53,099.9","52,231.6","54,457.8","51,463.3","0.14K","1.64%"
"2024- 03- 07","52,241.5","51,894.5","53,230.0","51,534.4","0.10K","0.68%"
"2024- 03- 06","51,890.4","50,234.7","53,142.8","49,501.1","0.15K","3.27%"
"2024- 03- 05","50,248.4","53,822.6","54,319.6","46,606.0","0.33K","-6.68%"
"2024- 03- 04","53,845.8","49,849.0","53,978.8","49,333.6","0.35K","7.99%"
"2024- 03- 03","49,860.7","49,004.0","49,969.0","48,550.9","0.05K","1.75%"
"2024- 03- 02","49,004.0","49,303.9","49,329.1","48,650.4","0.04K","-0.62%"
"2024- 03- 01","49,311.5","48,405.2","49,848.9","48,122.1","0.15K","1.74%"
"2024- 02- 29","48,466.0","49,330.5","50,200.0","47,850.2","0.18K","-1.76%"
"2024- 02- 28","49,334.8","44,970.8","50,549.0","44,741.6","0.35K","9.64%"
"2024- 02- 27","44,995.4","42,963.6","45,368.5","42,953.8","0.22K","4.73%"
"2024- 02- 26","42,963.6","40,840.5","43,330.8","40,154.0","0.15K","5.20%"
"2024- 02- 25","40,840.5","40,729.1","40,999.4","40,502.4","0.03K","0.27%"
"2024- 02- 24","40,730.9","40,047.5","40,805.7","39,936.1","0.03K","1.71%"
"2024- 02- 23","40,047.5","40,488.3","40,667.0","39,879.6","0.08K","-1.09%"
"2024- 02- 22","40,488.3","41,044.9","41,098.5","40,314.4","0.07K","-1.36%"
"2024- 02- 21","41,044.9","41,404.6","41,488.4","40,150.0","0.09K","-0.87%"
"2024- 02- 20","41,404.6","41,148.2","41,984.8","40,216.0","0.12K","0.63%"
"2024- 02- 19","41,144.9","41,348.4","41,589.0","40,703.0","0.10K","-0.48%"
"2024- 02- 18","41,343.7","41,043.0","41,567.9","40,690.9","0.03K","0.73%"
"2024- 02- 17","41,043.1","41,355.4","41,392.0","40,078.0","0.05K","-0.75%"
"2024- 02- 16","41,355.0","41,226.3","41,834.2","41,003.1","0.19K","0.31%"
"2024- 02- 15","41,226.3","41,255.6","41,988.0","40,768.9","0.14K","-0.06%"
"2024- 02- 14","41,250.0","39,485.0","41,420.0","39,125.0","0.17K","4.47%"
"2024- 02- 13","39,485.0","39,524.7","39,839.0","38,275.4","0.10K","-0.10%"
"2024- 02- 12","39,526.1","38,250.2","39,800.0","37,813.2","0.12K","3.34%"
"2024- 02- 11","38,249.3","37,816.5","38,450.0","37,686.2","0.10K","1.13%"
"2024- 02- 10","37,820.6","37,339.2","38,108.4","37,126.7","0.04K","1.31%"
"2024- 02- 09","37,332.3","35,900.8","38,108.4","35,875.1","0.14K","3.99%"
"2024- 02- 08","35,900.8","35,111.6","36,127.5","35,102.2","0.08K","2.24%"
"2024- 02- 07","35,112.7","34,191.3","35,113.6","33,934.3","0.13K","2.71%"
"2024- 02- 06","34,187.4","34,035.1","34,449.9","33,916.1","0.15K","0.44%"
"2024- 02- 05","34,037.1","33,743.5","34,649.9","33,550.1","0.17K","0.87%"
"2024- 02- 04","33,743.5","34,000.2","34,114.7","33,514.7","0.02K","-0.75%"
"2024- 02- 03","34,000.2","34,164.8","34,299.0","33,950.0","0.03K","-0.48%"
"2024- 02- 02","34,164.8","33,789.8","34,314.7","33,565.0","0.15K","1.11%"
"2024- 02- 01","33,789.8","33,583.8","33,920.0","33,029.3","0.23K","0.61%"
"2024- 01- 31","33,583.8","33,833.9","34,393.0","33,355.1","0.16K","-0.74%"
"2024- 01- 30","33,833.9","34,051.7","34,618.7","33,629.1","0.18K","-0.64%"
"2024- 01- 29","34,051.2","33,128.6","34,152.7","33,001.0","0.18K","2.83%"
"2024- 01- 28","33,113.4","33,201.1","33,734.1","32,805.2","0.08K","-0.26%"
"2024- 01- 27","33,201.1","32,950.6","33,259.2","32,618.7","0.02K","0.76%"
"2024- 01- 26","32,950.6","31,440.4","33,231.5","31,343.8","0.14K","4.84%"
"2024- 01- 25","31,429.8","31,511.2","31,655.2","31,136.0","0.15K","-0.29%"
"2024- 01- 24","31,521.7","31,420.0","31,789.9","31,072.2","0.19K","0.39%"
"2024- 01- 23","31,399.9","31,103.9","31,537.0","30,358.3","0.09K","0.89%"
"2024- 01- 22","31,121.4","32,741.5","32,806.4","31,030.2","0.14K","-4.95%"
"2024- 01- 21","32,741.5","32,845.4","32,974.2","32,687.0","0.03K","-0.32%"
"2024- 01- 20","32,845.4","32,800.0","33,108.4","32,660.6","0.02K","0.18%"
"2024- 01- 19","32,787.9","32,513.8","33,200.0","31,815.1","0.15K","0.88%"
"2024- 01- 18","32,501.7","33,716.4","33,798.4","32,018.3","0.13K","-3.59%"
"2024- 01- 17","33,711.4","34,151.1","34,186.9","33,299.8","0.12K","-1.28%"
"2024- 01- 16","34,150.1","33,439.4","34,483.2","33,300.0","0.07K","2.13%"
"2024- 01- 15","33,439.4","33,226.6","34,069.3","33,134.8","0.17K","4.50%"
"2021- 09- 27","32,000.0","31,637.2","32,390.7","31,429.3","0.03K","1.15%"
"2021- 09- 26","31,637.2","31,264.6","32,141.4","29,900.0","0.20K","1.19%"
"2021- 09- 25","31,264.6","31,344.3","31,451.0","30,527.6","0.05K","-0.25%"
"2021- 09- 24","31,344.3","32,667.0","32,909.3","29,840.0","0.23K","-4.05%"
"2021- 09- 23","32,667.0","32,015.0","32,758.7","31,686.4","0.06K","2.04%"
"2021- 09- 22","32,015.0","29,761.0","32,182.2","29,750.2","0.19K","7.57%"
"2021- 09- 21","29,761.0","31,465.7","31,900.9","29,014.4","0.25K","-5.42%"
"2021- 09- 20","31,465.7","34,390.6","34,458.2","31,107.4","0.30K","-8.50%"
"2021- 09- 19","34,390.6","35,159.8","35,173.4","34,139.8","0.04K","-2.19%"
"2021- 09- 18","35,159.8","34,419.9","35,498.6","34,347.9","0.04K","2.15%"
"2021- 09- 17","34,419.9","34,599.1","34,862.3","34,013.9","0.07K","-0.52%"
"2021- 09- 16","34,599.1","34,768.5","35,084.7","34,060.5","0.08K","-0.49%"
"2021- 09- 15","34,768.5","34,104.6","35,028.8","33,866.8","0.07K","1.95%"
"2021- 09- 14","34,104.6","32,545.0","34,260.3","32,368.0","0.10K","4.79%"
"2021- 09- 13","32,545.0","33,301.2","33,909.6","31,468.8","0.17K","-2.27%"
"2021- 09- 12","33,301.2","32,660.8","33,546.1","32,388.7","0.07K","1.96%"
"2021- 09- 11","32,660.8","32,410.6","33,228.6","32,386.1","0.10K","0.77%"
"2021- 09- 10","32,410.6","33,517.3","34,011.9","31,949.0","0.13K","-3.30%"
"2021- 09- 09","33,517.3","33,497.0","34,243.7","33,081.1","0.14K","0.06%"
"2021- 09- 08","33,497.0","34,012.5","34,388.4","32,326.5","0.17K","-1.52%"
"2021- 09- 07","34,012.5","38,021.6","38,176.5","31,000.0","0.41K","-10.54%"
"2021- 09- 06","38,021.6","37,315.3","38,078.4","36,822.8","0.10K","1.89%"
"2021- 09- 05","37,315.3","36,048.3","37,350.0","35,710.9","0.10K","3.51%"
"2021- 09- 04","36,048.3","36,061.7","36,433.0","35,690.2","0.06K","-0.04%"
"2021- 09- 03","36,061.7","35,690.7","36,750.0","34,973.2","0.14K","1.04%"
"2021- 09- 02","35,690.7","35,447.8","36,480.0","35,282.0","0.13K","0.69%"
"2021- 09- 01","35,447.8","34,247.5","35,600.0","33,862.7","0.13K","3.50%"
"2021- 08- 31","34,247.5","34,155.3","34,942.8","33,932.2","0.10K","0.27%"
"2021- 08- 30","34,155.3","35,461.6","35,542.3","34,074.2","0.13K","-3.68%"
"2021- 08- 29","35,461.6","35,557.2","36,050.0","34,733.2","0.06K","-0.27%"
"2021- 08- 28","35,557.2","35,692.4","35,835.3","35,223.6","0.03K","-0.38%"
"2021- 08- 27","35,692.4","34,200.0","35,700.0","33,900.0","0.08K","4.36%"
"2021- 08- 26","34,200.0","35,619.6","35,892.7","33,736.0","0.11K","-3.99%"
"2021- 08- 25","35,619.6","34,761.9","35,788.8","34,340.0","0.08K","2.47%"
"2021- 08- 24","34,761.9","36,059.5","36,362.7","34,707.6","0.13K","-3.60%"
"2021- 08- 23","36,059.5","36,175.0","36,926.5","35,706.9","0.14K","-0.32%"
"2021- 08- 22","36,175.0","35,840.3","36,300.0","35,286.3","0.06K","0.93%"
"2021- 08- 21","35,840.3","36,188.0","36,478.0","35,436.5","0.10K","-0.96%"
"2021- 08- 20","36,188.0","34,269.0","36,188.0","34,189.2","0.14K","5.60%"
"2021- 08- 19","34,269.0","32,527.3","34,418.9","32,034.7","0.13K","5.09%"
"2021- 08- 18","32,610.0","32,412.9","33,393.3","32,165.0","0.10K","0.61%"
"2021- 08- 17","32,412.9","33,248.4","34,152.9","32,371.8","0.20K","-2.51%"
"2021- 08- 16","33,248.4","33,946.0","34,594.3","33,004.4","0.09K","-2.06%"
"2021- 08- 15","33,946.0","33,907.9","34,112.6","32,864.0","0.05K","0.11%"
"2021- 08- 14","33,907.9","34,440.2","34,695.2","33,200.0","0.07K","-1.55%"
"2021- 08- 13","34,440.2","32,190.1","34,498.1","32,091.9","0.13K","6.99%"
"2021- 08- 12","32,190.1","32,951.5","33,300.0","31,668.0","0.12K","-2.31%"
"2021- 08- 11","32,951.5","32,976.4","33,754.1","32,838.7","0.10K","-0.08%"
"2021- 08- 10","32,976.4","33,435.3","33,672.0","32,288.2","0.08K","-1.37%"
"2021- 08- 09","33,435.3","31,420.0","33,495.0","30,750.0","0.16K","6.41%"
"2021- 08- 08","31,420.0","32,050.0","32,533.2","31,031.9","0.10K","-1.97%"
"2021- 08- 07","32,050.0","30,808.0","32,138.8","30,578.0","0.11K","4.03%"
"2021- 08- 06","30,808.0","29,333.0","31,161.4","28,666.0","0.13K","5.03%"
"2021- 08- 05","29,333.0","28,599.8","29,666.3","26,888.0","0.14K","2.56%"
"2021- 08- 04","28,599.8","27,371.5","28,747.0","26,977.7","0.11K","4.49%"
"2021- 08- 03","27,371.5","28,195.4","28,570.3","27,049.8","0.10K","-2.92%"
"2021- 08- 02","28,195.4","28,643.1","29,003.6","27,868.6","0.12K","-1.56%"
"2021- 08- 01","28,643.1","29,700.0","30,500.0","28,340.0","0.09K","-3.56%"
"2021- 07- 31","29,700.0","30,336.1","30,336.1","29,284.8","0.09K","-2.10%"
"2021- 07- 30","30,336.1","28,627.6","30,336.1","27,414.1","0.18K","5.97%"
"2021- 07- 29","28,627.6","28,786.8","29,128.4","28,226.2","0.09K","-0.55%"
"2021- 07- 28","28,786.8","28,443.9","29,445.8","28,048.2","0.13K","1.21%"
"2021- 07- 27","28,443.9","26,984.1","28,443.9","26,340.8","0.13K","5.41%"
"2021- 07- 26","26,984.1","25,610.1","29,333.5","25,610.1","0.35K","5.37%"
"2021- 07- 25","25,610.1","25,264.3","25,633.9","24,650.8","0.07K","4.08%"
"2021- 07- 24","24,605.6","24,367.7","24,730.0","24,315.0","0.05K","0.98%"
"2021- 07- 23","24,367.7","23,463.9","24,406.9","23,210.0","0.11K","3.85%"
"2021- 07- 22","23,463.9","23,415.4","23,721.4","23,086.3","0.06K","0.21%"
"2021- 07- 21","23,415.4","21,858.5","23,931.0","21,667.6","0.15K","7.12%"
"2021- 07- 20","21,858.5","22,547.3","22,666.8","21,472.8","0.16K","-3.05%"
"2021- 07- 19","22,547.3","23,100.4","23,196.1","22,265.7","0.12K","-2.36%"
"2021- 07- 18","23,093.0","22,900.0","23,541.5","22,655.5","0.03K","0.84%"
"2021- 07- 17","22,900.0","22,813.0","23,199.4","22,674.1","0.03K","0.38%"
"2021- 07- 16","22,813.0","23,039.7","23,374.9","22,500.0","0.07K","-0.98%"
"2021- 07- 15","23,039.7","23,678.0","23,946.9","22,555.3","0.09K","-2.70%"
"2021- 07- 14","23,678.0","23,673.3","23,844.7","22,848.8","0.09K","0.02%"
"2021- 07- 13","23,673.3","23,891.2","24,042.7","23,350.0","0.09K","-0.91%"
"2021- 07- 12","23,891.2","24,634.0","24,960.1","23,555.0","0.08K","-3.02%"
"2021- 07- 11","24,634.0","24,254.7","24,880.0","24,038.1","0.03K","1.56%"
"2021- 07- 10","24,254.7","24,334.5","24,617.9","23,814.6","0.03K","-0.33%"
"2021- 07- 09","24,334.5","23,822.9","24,543.3","23,504.4","0.04K","2.15%"
"2021- 07- 08","23,822.9","24,520.0","24,547.1","23,360.0","0.07K","-2.84%"
"2021- 07- 07","24,520.0","24,814.8","25,334.1","24,517.0","0.09K","-0.93%"
"2021- 07- 06","24,750.4","24,322.3","25,024.8","24,322.3","0.06K","1.76%"
"2021- 07- 05","24,322.3","25,526.6","25,526.6","24,322.3","0.12K","-4.72%"
"2021- 07- 04","25,526.6","25,684.5","25,700.0","25,526.6","0.05K","1.54%"
"2021- 07- 03","25,139.3","24,494.0","25,139.3","24,310.0","0.05K","2.63%"
"2021- 07- 02","24,494.0","24,406.1","24,597.5","24,322.0","0.04K","0.36%"
"2021- 07- 01","24,406.1","25,339.2","25,339.2","24,177.1","0.11K","-3.68%"
"2021- 06- 30","25,339.2","25,881.9","25,881.9","25,199.4","0.09K","-2.10%"
"2021- 06- 29","25,881.9","24,826.5","26,263.9","24,826.5","0.10K","4.25%"
"2021- 06- 28","24,826.5","24,973.1","24,973.1","24,572.6","0.12K","-0.59%"
"2021- 06- 27","24,973.1","23,281.8","24,973.1","23,281.8","0.10K","7.26%"
"2021- 06- 26","23,281.8","22,785.1","23,281.8","22,436.3","0.15K","2.23%"
"2021- 06- 25","22,774.9","24,885.5","24,885.5","22,774.9","0.13K","-8.48%"
"2021- 06- 24","24,885.5","24,109.7","25,201.7","23,536.2","0.08K","3.22%"
"2021- 06- 23","24,109.7","23,355.4","24,337.6","23,355.4","0.12K","3.38%"
"2021- 06- 22","23,321.9","22,802.7","23,603.5","21,448.0","0.35K","2.28%"
"2021- 06- 21","22,802.7","25,859.5","25,859.5","22,802.7","0.26K","-11.91%"
"2021- 06- 20","25,884.7","25,777.8","25,884.7","24,667.4","0.20K","0.41%"
"2021- 06- 19","25,777.8","26,013.5","26,128.5","25,774.7","0.10K","-0.55%"
"2021- 06- 18","25,920.9","27,374.8","27,374.8","25,920.9","0.13K","-5.18%"
"2021- 06- 17","27,336.1","27,428.1","28,167.3","27,336.1","0.12K","-0.31%"
"2021- 06- 16","27,421.6","28,552.4","28,619.8","27,421.6","0.08K","-3.87%"
"2021- 06- 15","28,526.9","28,682.7","28,682.7","28,448.9","0.09K","-0.54%"
"2021- 06- 14","28,682.7","27,652.2","28,711.5","27,570.0","0.10K","3.58%"
"2021- 06- 13","27,692.6","25,235.9","27,692.6","24,966.2","0.12K","9.82%"
"2021- 06- 12","25,217.1","26,459.2","26,459.2","25,098.2","0.06K","-4.69%"
"2021- 06- 11","26,459.2","25,882.7","26,480.3","25,882.7","0.11K","2.23%"
"2021- 06- 10","25,882.7","26,512.0","26,512.0","25,882.7","0.11K","-2.19%"
"2021- 06- 09","26,463.1","23,652.8","26,463.1","23,200.1","0.13K","11.88%"
"2021- 06- 08","23,652.8","23,692.4","23,692.4","22,800.0","0.23K","-0.17%"
"2021- 06- 07","23,692.4","25,335.0","25,733.8","23,692.4","0.16K","-6.48%"
"2021- 06- 06","25,335.0","25,157.5","25,539.6","25,157.5","0.05K","0.71%"
"2021- 06- 05","25,157.5","26,078.6","26,572.6","25,157.5","0.17K","-3.48%"
"2021- 06- 04","26,064.8","27,728.8","27,728.8","25,878.7","0.13K","-6.00%"
"2021- 06- 03","27,728.8","26,524.8","27,728.8","26,524.8","0.10K","4.59%"
"2021- 06- 02","26,511.2","25,944.4","26,772.9","25,805.0","0.08K","2.34%"
"2021- 06- 01","25,903.8","26,229.9","26,229.9","25,531.8","0.09K","-1.35%"
"2021- 05- 31","26,257.2","25,199.0","26,257.2","24,361.2","0.11K","4.23%"
"2021- 05- 30","25,192.0","24,483.4","25,394.3","24,483.4","0.08K","2.88%"
"2021- 05- 29","24,485.7","25,156.7","25,498.3","24,370.7","0.08K","-2.70%"
"2021- 05- 28","25,164.5","27,074.6","27,074.6","25,164.5","0.18K","-7.05%"
"2021- 05- 27","27,074.6","27,844.6","27,910.7","27,020.0","0.09K","-2.77%"
"2021- 05- 26","27,844.6","27,168.0","28,162.5","27,168.0","0.16K","2.49%"
"2021- 05- 25","27,168.0","27,510.3","27,619.6","26,823.6","0.27K","-0.96%"
"2021- 05- 24","27,431.2","24,578.0","27,431.2","24,578.0","0.45K","11.61%"
"2021- 05- 23","24,578.0","26,588.9","26,588.9","23,366.8","0.54K","-7.56%"
"2021- 05- 22","26,588.9","26,464.2","27,206.3","25,890.1","0.22K","0.63%"
"2021- 05- 21","26,423.7","28,749.2","28,749.2","26,376.4","0.80K","-8.09%"
"2021- 05- 20","28,749.2","26,221.8","28,807.0","26,221.8","0.85K","9.64%"
"2021- 05- 19","26,221.8","30,299.4","30,299.4","26,221.8","1.52K","-13.47%"
"2021- 05- 18","30,302.4","30,807.4","31,687.2","30,302.4","0.17K","-1.64%"
"2021- 05- 17","30,807.4","32,968.4","32,968.4","30,807.4","0.27K","-6.48%"
"2021- 05- 16","32,941.0","33,300.0","34,822.8","32,941.0","0.23K","-1.08%"
"2021- 05- 15","33,300.0","35,436.3","35,436.3","33,300.0","0.16K","-6.07%"
"2021- 05- 14","35,450.7","35,544.3","36,063.8","35,370.0","0.22K","-0.26%"
"2021- 05- 13","35,544.3","35,151.7","36,112.4","35,151.7","0.47K","0.67%"
"2021- 05- 12","35,306.5","40,184.9","40,565.1","35,306.5","0.23K","-12.12%"
"2021- 05- 11","40,177.7","39,678.1","40,177.7","38,974.5","0.21K","1.31%"
"2021- 05- 10","39,658.5","41,646.5","41,646.5","39,658.5","0.33K","-4.77%"
"2021- 05- 09","41,646.5","42,354.3","42,354.3","41,586.9","0.11K","-1.67%"
"2021- 05- 08","42,354.2","41,198.8","42,354.2","41,198.8","0.11K","2.72%"
"2021- 05- 07","41,231.5","40,704.7","41,231.5","40,494.8","0.10K","1.29%"
"2021- 05- 06","40,705.5","41,380.6","41,380.6","40,705.5","0.19K","-1.63%"
"2021- 05- 05","41,380.6","38,847.6","41,380.6","38,847.6","0.13K","7.83%"
"2021- 05- 04","38,375.0","41,220.5","41,220.5","38,375.0","0.18K","-6.85%"
"2021- 05- 03","41,199.2","41,076.8","42,323.2","41,076.8","0.13K","0.30%"
"2021- 05- 02","41,076.8","42,022.4","42,022.4","40,906.7","0.08K","-2.26%"
"2021- 05- 01","42,026.0","41,944.1","42,308.5","41,681.2","0.06K","0.20%"
"2021- 04- 30","41,944.1","38,429.5","41,944.1","38,429.5","0.14K","9.15%"
"2021- 04- 29","38,429.5","39,369.2","39,369.2","38,314.9","0.10K","-2.39%"
"2021- 04- 28","39,369.2","39,646.9","39,646.9","39,369.2","0.08K","-0.70%"
"2021- 04- 27","39,646.9","38,988.1","39,646.9","38,988.1","0.08K","1.69%"
"2021- 04- 26","38,988.1","35,527.2","38,988.1","35,527.2","0.19K","9.95%"
"2021- 04- 25","35,461.0","36,217.9","36,217.9","35,461.0","0.27K","-2.08%"
"2021- 04- 24","36,212.9","37,000.0","37,000.0","35,608.5","0.20K","-2.13%"
"2021- 04- 23","37,000.0","37,388.2","37,388.2","36,040.0","0.38K","-1.04%"
"2021- 04- 22","37,388.2","38,761.3","39,705.6","37,388.2","0.23K","-3.54%"
"2021- 04- 21","38,761.3","40,626.6","40,626.6","38,761.3","0.17K","-4.59%"
"2021- 04- 20","40,626.6","39,903.4","40,697.8","39,359.3","0.23K","1.81%"
"2021- 04- 19","39,905.7","41,167.6","41,460.1","39,900.8","0.41K","-3.07%"
"2021- 04- 18","41,167.6","43,863.8","43,863.8","40,311.4","0.80K","-6.15%"
"2021- 04- 17","43,863.8","44,600.0","45,218.5","43,863.8","0.12K","-1.65%"
"2021- 04- 16","44,600.0","46,029.0","46,029.0","44,600.0","0.23K","-3.10%"
"2021- 04- 15","46,029.0","45,846.2","46,187.1","45,440.3","0.14K","0.40%"
"2021- 04- 14","45,846.2","46,418.2","46,887.9","45,680.0","0.22K","-1.23%"
"2021- 04- 13","46,418.2","43,586.1","46,418.2","43,586.1","0.15K","6.50%"
"2021- 04- 12","43,586.1","43,951.6","44,305.2","43,586.1","0.10K","-0.83%"
"2021- 04- 11","43,951.6","43,727.0","43,951.6","43,464.5","0.13K","0.51%"
"2021- 04- 10","43,727.0","42,506.0","44,096.3","42,506.0","0.14K","2.87%"
"2021- 04- 09","42,506.0","42,352.9","42,506.0","42,352.9","0.10K","0.36%"
"2021- 04- 08","42,352.9","40,841.6","42,352.9","40,841.6","0.18K","3.70%"
"2021- 04- 07","40,841.6","41,971.2","41,971.2","40,841.6","0.28K","-2.69%"
"2021- 04- 06","41,971.2","42,453.7","42,453.7","41,971.2","0.13K","-1.04%"
"2021- 04- 05","42,412.5","42,205.1","42,412.5","41,282.9","0.13K","0.49%"
"2021- 04- 04","42,205.1","41,490.3","42,267.9","41,490.3","0.10K","1.72%"
"2021- 04- 03","41,490.3","42,717.1","43,056.3","41,490.3","0.12K","-2.87%"
"2021- 04- 02","42,717.1","42,526.6","43,086.0","42,526.6","0.11K","0.45%"
"2021- 04- 01","42,526.6","42,598.8","42,763.8","42,433.9","0.07K","-0.17%"
"2021- 03- 31","42,598.8","42,773.1","43,017.3","42,598.8","0.23K","-0.41%"
"2021- 03- 30","42,773.1","41,885.3","43,082.8","41,705.7","0.09K","2.12%"
"2021- 03- 29","41,885.3","40,556.4","41,885.3","40,556.4","0.13K","3.26%"
"2021- 03- 28","40,563.4","40,515.2","40,988.6","40,377.2","0.09K","0.12%"
"2021- 03- 27","40,515.2","39,975.0","40,553.9","39,975.0","0.07K","1.35%"
"2021- 03- 26","39,975.0","37,451.5","39,975.0","37,451.5","0.18K","6.74%"
"2021- 03- 25","37,451.5","38,359.0","38,649.2","37,317.2","0.29K","-2.37%"
"2021- 03- 24","38,359.0","39,736.5","40,605.1","38,359.0","0.24K","-3.47%"
"2021- 03- 23","39,736.5","39,123.0","40,034.0","38,754.1","0.23K","1.53%"
"2021- 03- 22","39,139.1","41,580.9","41,604.5","39,139.1","0.22K","-5.87%"
"2021- 03- 21","41,580.9","42,002.9","42,002.9","41,458.5","0.34K","-1.01%"
"2021- 03- 20","42,003.3","42,008.2","42,620.3","42,003.3","0.14K","-0.01%"
"2021- 03- 19","42,008.2","41,479.0","42,213.8","41,479.0","0.15K","1.28%"
"2021- 03- 18","41,479.0","42,090.0","42,201.0","41,479.0","0.15K","-1.45%"
"2021- 03- 17","42,090.0","40,996.3","42,090.0","39,525.4","0.20K","2.67%"
"2021- 03- 16","40,996.3","40,100.0","40,996.3","38,677.2","0.28K","2.24%"
"2021- 03- 15","40,100.0","42,500.0","42,500.0","40,100.0","0.51K","-5.65%"
"2021- 03- 14","42,500.0","43,882.9","43,882.9","42,500.0","0.27K","-3.15%"
"2021- 03- 13","43,882.9","41,201.8","44,131.0","40,796.4","0.28K","6.51%"
"2021- 03- 12","41,201.8","41,404.0","41,404.0","40,803.7","0.23K","-0.49%"
"2021- 03- 11","41,404.0","40,702.1","41,404.0","40,702.1","0.23K","518.89%"
"2018- 04- 29","6,690.0","6,648.0","6,690.0","6,648.0","","0.63%"
"2018- 04- 28","6,648.0","6,621.2","6,666.0","6,150.1","","0.40%"
"2018- 04- 27","6,621.2","6,508.1","6,632.1","6,054.0","","1.74%"
"2018- 04- 26","6,508.1","6,015.4","6,510.0","5,850.0","0.00K","8.19%"
"2018- 04- 25","6,015.4","6,400.0","6,658.2","5,854.1","0.00K","-6.01%"
"2018- 04- 24","6,400.0","6,080.0","6,478.3","5,020.0","0.00K","5.26%"
"2018- 04- 23","6,080.0","5,100.8","6,080.0","5,100.8","","19.20%"
"2018- 04- 22","5,100.8","5,215.0","6,088.5","5,026.0","","-2.19%"
"2018- 04- 21","5,215.0","6,276.9","6,338.2","5,215.0","0.00K","-16.92%"
"2018- 04- 20","6,276.9","5,751.1","6,279.1","5,751.1","","9.14%"
"2018- 04- 19","5,751.1","5,669.9","5,780.0","5,595.4","","1.43%"
"2018- 04- 18","5,669.9","5,500.3","5,703.0","5,330.0","0.00K","3.08%"
"2018- 04- 17","5,500.3","5,522.5","5,558.1","5,180.0","","-0.40%"
"2018- 04- 16","5,522.5","5,513.0","5,771.9","5,120.0","0.00K","0.17%"
"2018- 04- 15","5,513.0","5,756.8","5,772.0","5,197.7","0.00K","-4.23%"
"2018- 04- 14","5,756.8","5,330.8","5,756.8","4,726.1","0.00K","7.99%"
"2018- 04- 13","5,330.8","5,406.5","5,838.1","5,328.7","","-1.40%"
"2018- 04- 12","5,406.5","4,876.4","5,406.5","4,580.7","0.00K","10.87%"
"2018- 04- 11","4,876.4","4,543.1","4,890.2","4,543.1","0.00K","7.34%"
"2018- 04- 10","4,543.1","4,212.1","4,693.5","4,212.1","","7.86%"
"2018- 04- 09","4,212.1","4,839.8","4,889.1","4,001.0","0.01K","-12.97%"
"2018- 04- 08","4,839.8","4,785.6","4,899.9","4,002.1","0.00K","1.13%"
"2018- 04- 07","4,785.6","4,796.5","4,960.6","4,001.0","0.00K","-0.23%"
"2018- 04- 06","4,796.5","4,794.3","4,798.9","4,502.8","","0.05%"
"2018- 04- 05","4,794.3","4,899.9","4,899.9","4,360.0","","-2.16%"
"2018- 04- 04","4,899.9","5,321.9","5,321.9","4,472.0","0.00K","-7.93%"
"2018- 04- 03","5,321.9","4,870.0","5,410.5","4,540.1","","9.28%"
"2018- 04- 02","4,870.0","3,960.1","4,870.0","3,960.1","0.00K","22.98%"
"2018- 04- 01","3,960.1","4,457.9","4,457.9","3,700.0","","-11.17%"
"2018- 03- 31","4,457.9","3,840.0","4,457.9","3,698.7","","16.09%"
"2018- 03- 30","3,840.0","4,747.1","4,747.1","3,490.0","0.00K","-19.11%"
"2018- 03- 29","4,747.1","5,649.8","5,649.8","4,460.0","0.00K","-15.98%"
"2018- 03- 28","5,649.8","5,420.0","5,778.2","4,850.0","0.00K","4.24%"
"2018- 03- 27","5,420.0","5,050.0","5,480.0","4,450.0","0.00K","7.33%"
"2018- 03- 26","5,050.0","5,370.6","5,370.6","5,001.0","","-5.97%"
"2018- 03- 25","5,370.6","5,639.1","6,050.0","5,370.6","","-4.76%"
"2018- 03- 24","5,639.1","5,980.7","6,120.0","5,614.7","","-5.71%"
"2018- 03- 23","5,980.7","5,372.6","5,980.7","5,372.6","","11.32%"
"2018- 03- 22","5,372.6","5,742.3","6,158.3","5,370.6","0.00K","-6.44%"
"2018- 03- 21","5,742.3","5,760.3","6,531.8","5,241.4","0.00K","-0.31%"
"2018- 03- 20","5,760.3","5,191.9","5,840.0","5,000.0","","10.95%"
"2018- 03- 19","5,191.9","5,506.0","5,506.0","5,033.4","","-5.70%"
"2018- 03- 18","5,506.0","5,200.0","5,506.0","4,450.0","","5.88%"
"2018- 03- 17","5,200.0","5,235.1","5,540.0","5,200.0","","-0.67%"
"2018- 03- 16","5,235.1","5,487.1","5,559.0","5,205.3","","-4.59%"
"2018- 03- 15","5,487.1","5,594.1","5,594.1","5,206.6","","-1.91%"
"2018- 03- 14","5,594.1","6,220.2","6,220.2","5,362.8","0.00K","-10.07%"
"2018- 03- 13","6,220.2","6,000.0","6,491.3","5,403.8","","3.67%"
"2018- 03- 12","6,000.0","6,184.9","6,990.7","6,000.0","","-2.99%"
"2018- 03- 11","6,184.9","5,983.7","6,184.9","5,426.8","0.00K","3.36%"
"2018- 03- 10","5,983.7","5,382.1","6,184.9","5,382.1","","11.18%"
"2018- 03- 09","5,382.1","6,500.0","6,645.2","3,778.1","0.00K","-17.20%"
"2018- 03- 08","6,500.0","6,777.0","7,286.1","6,220.0","0.00K","-4.09%"
"2018- 03- 07","6,777.0","7,482.1","7,754.2","6,540.0","0.00K","-9.42%"
"2018- 03- 06","7,482.1","8,185.9","8,185.9","5,555.0","0.00K","-8.60%"
"2018- 03- 05","8,185.9","8,150.0","8,186.0","7,671.0","","0.44%"
"2018- 03- 04","8,150.0","7,979.4","8,181.9","7,640.3","","2.14%"
"2018- 03- 03","7,979.4","7,850.0","7,979.4","7,800.0","","1.65%"
"2018- 03- 02","7,850.0","7,445.0","8,034.3","7,176.2","0.00K","5.44%"
"2018- 03- 01","7,445.0","7,400.0","7,445.0","6,800.2","","0.61%"
"2018- 02- 28","7,400.0","7,011.9","7,433.4","6,564.7","0.00K","5.53%"
"2018- 02- 27","7,011.9","6,850.0","7,500.0","6,288.6","0.00K","2.36%"
"2018- 02- 26","6,850.0","6,011.4","6,888.0","6,011.4","0.00K","13.95%"
"2018- 02- 25","6,011.4","6,271.2","6,962.3","5,930.0","0.00K","-4.14%"
"2018- 02- 24","6,271.2","5,930.0","6,410.0","5,930.0","","5.75%"
"2018- 02- 23","5,930.0","6,461.8","6,461.8","5,768.5","","-8.23%"
"2018- 02- 22","6,461.8","6,784.7","6,799.7","6,260.5","","-4.76%"
"2018- 02- 21","6,784.7","6,821.1","7,333.0","5,768.6","0.00K","-0.53%"
"2018- 02- 20","6,821.1","6,994.6","7,333.0","6,611.0","0.00K","-2.48%"
"2018- 02- 19","6,994.6","7,783.8","7,783.8","6,562.0","","-10.14%"
"2018- 02- 18","7,783.8","6,492.0","7,783.8","6,273.3","0.00K","19.90%"
"2018- 02- 17","6,492.0","6,370.8","6,750.0","6,120.7","","1.90%"
"2018- 02- 16","6,370.8","6,495.3","6,749.9","6,006.0","0.00K","-1.92%"
"2018- 02- 15","6,495.3","6,541.9","6,621.0","6,139.2","0.01K","-0.71%"
"2018- 02- 14","6,541.9","6,037.3","6,572.5","5,768.6","0.00K","8.36%"
"2018- 02- 13","6,037.3","6,377.5","6,377.5","5,981.5","0.00K","-5.33%"
"2018- 02- 12","6,377.5","5,867.8","6,407.0","5,867.8","0.00K","8.69%"
"2018- 02- 11","5,867.8","5,926.3","6,100.6","5,641.0","0.00K","-0.99%"
"2018- 02- 10","5,926.3","5,398.3","6,572.3","5,000.2","0.00K","9.78%"
"2018- 02- 09","5,398.3","4,826.6","5,770.0","4,000.5","0.00K","11.84%"
"2018- 02- 08","4,826.6","3,622.8","4,979.7","3,460.0","0.00K","33.23%"
"2018- 02- 07","3,622.8","2,682.8","4,050.0","2,268.6","0.00K","35.04%"
"2018- 02- 06","2,682.8","4,112.4","4,251.2","1,251.4","0.00K","-34.76%"
"2018- 02- 05","4,112.4","4,261.9","4,550.0","3,720.0","0.00K","-9.62%"
"2018- 02- 04","4,550.0","4,444.0","4,800.0","4,233.5","","2.39%"
"2018- 02- 03","4,444.0","4,294.2","4,800.0","4,160.0","0.00K","3.49%"
"2018- 02- 02","4,294.2","5,084.4","5,769.0","1,002.1","0.00K","-15.54%"
"2018- 02- 01","5,084.4","4,596.2","5,454.0","3,540.0","0.00K","10.62%"
"2018- 01- 31","4,596.2","4,969.9","5,052.0","4,504.3","","-7.52%"
"2018- 01- 30","4,969.9","5,385.5","5,555.0","4,544.4","","-7.72%"
"2018- 01- 29","5,385.5","5,102.2","5,457.7","4,891.5","0.00K","5.55%"
"2018- 01- 28","5,102.2","5,300.6","5,851.2","4,742.6","0.01K","-3.74%"
"2018- 01- 27","5,300.6","5,649.2","5,851.2","5,280.4","0.00K","-6.17%"
"2018- 01- 26","5,649.2","6,142.3","6,176.3","5,300.0","0.00K","-8.03%"
"2018- 01- 25","6,142.3","6,411.0","7,180.0","5,826.0","","-4.19%"
"2018- 01- 24","6,411.0","6,666.0","7,776.8","6,101.0","0.00K","-3.83%"
"2018- 01- 23","6,666.0","7,150.0","7,428.4","6,000.0","0.00K","-6.77%"
"2018- 01- 22","7,150.0","6,000.0","7,499.6","5,811.0","0.00K","19.17%"
"2018- 01- 21","6,000.0","6,111.0","7,000.0","6,000.0","","-1.82%"
"2018- 01- 20","6,111.0","5,890.0","6,799.9","5,774.3","","3.75%"
"2018- 01- 19","5,890.0","6,650.0","6,918.9","5,680.0","","-11.43%"
"2018- 01- 18","6,650.0","5,000.0","6,820.0","5,000.0","","33.00%"
"2018- 01- 17","5,000.0","6,993.0","7,808.8","5,000.0","0.00K","-28.50%"
"2018- 01- 16","6,993.0","9,570.0","9,697.4","6,000.0","0.00K","-26.93%"
"2018- 01- 15","9,570.0","9,650.0","10,498.3","9,000.0","0.00K","-0.83%"
"2018- 01- 14","9,650.0","9,000.0","9,700.0","9,000.0","0.00K","219.75%"
"2017- 09- 11","3,018.0","3,018.0","3,018.0","3,018.0","","0.00%"
"2017- 09- 10","3,018.0","3,018.0","3,018.0","3,018.0","","0.00%"
"2017- 09- 09","3,018.0","3,018.0","3,018.0","3,018.0","","0.00%"
"2017- 09- 08","3,018.0","3,018.0","3,018.0","3,018.0","","0.00%"
"2017- 09- 07","3,018.0","3,018.0","3,018.0","3,018.0","","0.00%"
"2017- 09- 06","3,018.0","3,018.0","3,018.0","3,018.0","","0.00%"
"2017- 09- 05","3,018.0","3,018.0","3,018.0","3,018.0","","0.00%"
"2017- 09- 04","3,018.0","3,018.0","3,018.0","3,018.0","","0.00%"
"2017- 09- 03","3,018.0","3,018.0","3,018.0","3,018.0","","0.00%"
"2017- 09- 02","3,018.0","3,018.0","3,018.0","3,018.0","","0.00%"
"2017- 09- 01","3,018.0","3,018.0","3,018.0","3,018.0","","0.00%"
"2017- 08- 31","3,018.0","3,018.0","3,018.0","3,018.0","","0.00%"
"2017- 08- 30","3,018.0","3,018.0","3,018.0","3,018.0","","0.00%"
"2017- 08- 22","3,018.0","3,248.0","3,378.9","2,988.0","0.13K","-5.69%"
"2017- 08- 21","3,200.0","3,172.1","3,400.0","3,025.9","0.20K","0.88%"
"2017- 08- 20","3,172.1","3,237.0","3,429.0","3,172.1","0.06K","-2.01%"
"2017- 08- 19","3,237.0","3,212.0","3,500.0","3,140.0","0.05K","0.78%"
"2017- 08- 18","3,212.0","3,385.0","3,525.0","3,204.0","0.19K","-5.11%"
"2017- 08- 17","3,385.0","3,385.0","3,645.0","3,330.0","","0.88%"
"2017- 08- 16","3,355.4","3,225.0","3,500.0","3,150.0","0.04K","1.99%"
"2017- 08- 15","3,290.0","3,419.6","3,500.0","2,901.0","","-3.79%"
"2017- 08- 14","3,419.6","3,100.9","3,500.0","3,051.0","0.04K","10.28%"
"2017- 08- 13","3,100.9","2,976.5","3,250.0","2,901.0","","4.18%"
"2017- 08- 12","2,976.5","2,900.0","3,000.0","2,778.3","0.04K","2.64%"
"2017- 08- 11","2,900.0","2,660.0","2,975.0","2,652.0","0.03K","9.35%"
"2017- 08- 10","2,652.0","2,602.5","2,799.0","2,590.0","0.10K","1.90%"
"2017- 08- 09","2,602.5","2,749.0","2,750.0","2,520.0","0.16K","-5.33%"
"2017- 08- 08","2,749.0","2,617.5","2,800.0","2,580.2","0.15K","5.02%"
"2017- 08- 07","2,617.5","2,541.4","2,630.0","2,480.0","0.13K","4.70%"
"2017- 08- 06","2,500.0","2,538.4","2,575.0","2,410.0","0.12K","-1.51%"
"2017- 08- 05","2,538.4","2,195.0","2,599.5","2,169.1","0.19K","15.65%"
"2017- 08- 04","2,195.0","2,116.0","2,245.0","2,100.0","","3.73%"
"2017- 08- 03","2,116.0","2,050.0","2,180.0","2,050.0","0.14K","3.22%"
"2017- 08- 02","2,050.0","2,083.4","2,214.1","2,005.0","","-2.84%"
"2017- 08- 01","2,110.0","2,174.8","2,316.5","2,036.5","","-6.32%"
"2017- 07- 31","2,252.3","2,147.9","2,316.5","2,081.0","0.00K","4.86%"
"2017- 07- 30","2,147.9","2,081.0","2,200.0","2,052.6","0.06K","3.21%"
"2017- 07- 29","2,081.0","2,180.0","2,240.0","2,080.0","0.06K","-3.43%"
"2017- 07- 28","2,155.0","2,095.5","2,279.0","2,081.0","0.03K","2.84%"
"2017- 07- 27","2,095.5","1,961.1","2,140.0","1,934.8","0.12K","6.15%"
"2017- 07- 26","1,974.0","1,992.0","2,100.0","1,901.0","0.14K","-0.90%"
"2017- 07- 25","1,992.0","2,160.0","2,242.8","1,955.0","0.12K","-7.78%"
"2017- 07- 24","2,160.0","2,146.5","2,297.0","2,111.7","0.06K","0.63%"
"2017- 07- 23","2,146.5","2,202.0","2,270.7","2,085.6","0.03K","-2.52%"
"2017- 07- 22","2,202.0","2,125.0","2,299.0","2,060.5","0.04K","3.62%"
"2017- 07- 21","2,125.0","2,189.2","2,320.7","2,000.0","0.15K","-2.33%"
"2017- 07- 20","2,175.7","1,755.0","2,250.0","1,719.9","0.18K","22.99%"
"2017- 07- 19","1,769.0","1,746.4","1,899.8","1,708.0","0.00K","-1.17%"
"2017- 07- 18","1,790.0","1,701.6","1,847.2","1,656.3","0.18K","5.19%"
"2017- 07- 17","1,701.6","1,442.0","1,707.6","1,430.8","0.17K","18.00%"
"2017- 07- 16","1,442.0","1,529.0","1,609.1","1,350.0","0.20K","-5.69%"
"2017- 07- 15","1,529.0","1,713.6","1,725.4","1,511.0","","-10.77%"
"2017- 07- 14","1,713.6","1,800.2","1,860.0","1,672.3","0.12K","-4.81%"
"2017- 07- 13","1,800.2","1,845.0","1,900.0","1,791.3","0.14K","-2.46%"
"2017- 07- 12","1,845.6","1,802.4","1,900.0","1,765.0","0.15K","2.40%"
"2017- 07- 11","1,802.4","1,812.8","1,888.8","1,500.0","0.18K","0.44%"
"2017- 07- 10","1,794.6","1,937.7","1,981.8","1,765.0","0.12K","-7.39%"
"2017- 07- 09","1,937.7","1,974.9","2,035.9","1,937.7","0.04K","-1.89%"
"2017- 07- 08","1,974.9","1,935.0","1,975.1","1,900.0","0.18K","2.07%"
"2017- 07- 07","1,935.0","2,006.5","2,048.0","1,930.0","0.07K","-3.57%"
"2017- 07- 06","2,006.5","2,020.7","2,049.8","1,988.3","","-0.70%"
"2017- 07- 05","2,020.7","2,012.1","2,045.0","1,972.6","0.08K","0.43%"
"2017- 07- 04","2,012.1","2,013.0","2,194.0","1,957.7","0.15K","-0.05%"
"2017- 07- 03","2,013.0","1,942.4","2,015.9","1,912.9","0.12K","4.84%"
"2017- 07- 02","1,920.2","1,901.0","1,921.6","1,843.0","0.07K","3.39%"
"2017- 07- 01","1,857.1","1,902.9","1,990.0","1,857.1","0.05K","-2.00%"
"2017- 06- 30","1,895.1","1,973.3","1,998.7","1,895.1","0.11K","-3.90%"
"2017- 06- 29","1,972.1","1,994.8","2,009.6","1,948.0","0.09K","-1.55%"
"2017- 06- 28","2,003.1","1,992.6","2,011.0","1,902.1","0.16K","0.53%"
"2017- 06- 27","1,992.6","1,885.1","2,029.9","1,799.9","0.16K","2.64%"
"2017- 06- 26","1,941.3","1,971.9","2,012.0","1,785.0","0.26K","-0.10%"
"2017- 06- 25","1,943.3","2,034.4","2,082.8","1,911.3","0.08K","-4.48%"
"2017- 06- 24","2,034.4","2,130.6","2,175.0","1,985.0","0.06K","-3.54%"
"2017- 06- 23","2,109.0","2,114.9","2,145.0","2,109.0","0.03K","-0.28%"
"2017- 06- 22","2,114.9","2,105.9","2,174.3","2,050.0","0.10K","2.22%"
"2017- 06- 21","2,069.0","2,176.5","2,235.0","2,059.5","0.15K","-4.94%"
"2017- 06- 20","2,176.5","2,046.0","2,199.8","1,994.1","0.11K","7.92%"
"2017- 06- 19","2,016.9","1,969.9","2,030.0","1,920.1","0.10K","2.38%"
"2017- 06- 18","1,969.9","2,051.4","2,079.9","1,876.7","0.06K","-3.97%"
"2017- 06- 17","2,051.4","1,955.8","2,100.0","1,920.0","0.08K","4.88%"
"2017- 06- 16","1,955.8","1,906.4","2,003.9","1,820.0","0.14K","2.59%"
"2017- 06- 15","1,906.4","1,898.7","1,999.0","1,760.0","0.30K","0.40%"
"2017- 06- 14","1,898.7","2,129.1","2,279.9","1,896.8","","-10.82%"
"2017- 06- 13","2,129.1","2,038.0","2,196.5","1,985.0","0.09K","4.47%"
"2017- 06- 12","2,038.0","2,190.0","2,289.9","2,000.0","","-6.94%"
"2017- 06- 11","2,190.0","2,066.0","2,257.9","2,001.0","0.04K","6.00%"
"2017- 06- 10","2,066.0","2,223.0","2,292.9","2,066.0","0.08K","-7.06%"
"2017- 06- 09","2,223.0","2,228.9","2,299.0","2,157.4","0.11K","0.94%"
"2017- 06- 08","2,202.4","2,118.8","2,216.0","2,063.8","0.08K","7.43%"
"2017- 06- 07","2,050.0","2,170.0","2,240.0","2,050.0","0.09K","-5.53%"
"2017- 06- 06","2,170.0","2,085.0","2,280.7","2,085.0","0.15K","4.08%"
"2017- 06- 05","2,085.0","1,920.4","2,088.3","1,920.4","0.06K","8.57%"
"2017- 06- 04","1,920.4","1,985.1","1,992.5","1,810.0","0.08K","-3.26%"
"2017- 06- 03","1,985.1","1,932.2","2,026.0","1,920.5","0.03K","2.74%"
"2017- 06- 02","1,932.2","1,815.4","1,999.1","1,804.6","0.07K","-1.37%"
"2017- 06- 01","1,959.1","1,805.2","2,000.0","1,772.0","0.13K","8.52%"
"2017- 05- 31","1,805.2","1,700.0","1,805.2","1,653.2","0.09K","7.65%"
"2017- 05- 30","1,677.0","1,758.3","1,809.7","1,674.1","0.06K","-5.63%"
"2017- 05- 29","1,777.0","1,666.6","1,800.0","1,620.0","0.12K","6.63%"
"2017- 05- 28","1,666.6","1,610.6","1,789.5","1,577.0","0.05K","3.47%"
"2017- 05- 27","1,610.6","1,751.3","1,795.4","1,507.7","0.10K","-8.03%"
"2017- 05- 26","1,751.3","1,760.0","1,969.1","1,632.6","0.15K","4.61%"
"2017- 05- 25","1,674.1","1,866.1","2,106.9","1,606.0","0.21K","-10.29%"
"2017- 05- 24","1,866.1","1,716.1","2,024.1","1,672.5","0.34K","8.74%"
"2017- 05- 23","1,716.1","1,583.3","1,741.5","1,583.3","0.09K","8.39%"